"序号","单词","书上释义","美音","英音","书上音标"
"1","a/an","art.(非特指的)一(个)","ə; eɪ","ə; eɪ","强eI,弱ə;强æn,弱ən"
"2","able","a.能够……的","ˈeɪb(ə)l","ˈeɪb(ə)l","ˈeIbl"
"3","about","prep.①关于②到处 ad.①大约,差不多②到处","əˈbaʊt","əˈbaʊt","əˈbaʊt"
"4","above","prep./ad.①在……上方②多于,大于③高于","əˈbʌv","əˈbʌv","əˈbʌv"
"5","abroad","ad.到国外,在国外","əˈbrɔːd","əˈbrɔːd","əˈbrɔːd"
"6","absent","a.[æbˈsent]v. a.①缺席的②心不在焉的 vt.缺席","ˈæbsənt","ˈæbsənt","ˈæbsənt"
"7","accident","n.事故","ˈæksɪdənt","ˈæksɪdənt","ˈæksIdənt"
"8","ache","vi./n.疼痛","eɪk","eɪk","eIk"
"9","across","prep./ad.穿过,越过","əˈkrɔːs","əˈkrɒs","əˈkrɒs"
"10","actor","n.(男)演员","ˈæktər","ˈæktə(r)","ˈæktə(r)"
"11","actual","a.实际的","ˈæktʃuəl","ˈæktʃuəl","ˈæktʃuəl"
"12","add","vt.①添加,增加②把……加起来③补充说vi.增添","æd","æd","æd"
"13","address","n.地址,住址 vt.①写(收件人)姓名和地址②设法解决","əˈdres","əˈdres","əˈdres"
"14","admire","vt.钦佩,赞赏,羡慕","ədˈmaɪər","ədˈmaɪə(r)","ədˈmaIə(r)"
"15","admit","vt.①承认,供认②准许进入 vi.承认","ædˈmɪt","ədˈmɪt","ədˈmIt"
"16","adult","n.成年人","əˈdʌlt; ˈædʌlt","ˈædʌlt; əˈdʌlt","ˈædʌlt,əˈdʌlt"
"17","advantage","n.①优点②优势","ədˈvæntɪdʒ","ədˈvɑːntɪdʒ","ədˈv?ːntIdʒ"
"18","advice","n.劝告,忠告,建议","ədˈvaɪs","ədˈvaɪs","ədˈvaIs"
"19","advise","vt.①劝告②通知","ədˈvaɪz","ədˈvaɪz","ədˈvaIz"
"20","affair","n.①事务②事情","əˈfer","əˈfeə(r)","əˈfeə(r)"
"21","afford","vt.①买得起②提供","əˈfɔːrd","əˈfɔːd","əˈfɔːd"
"22","afraid","a.①害怕的②担心的","əˈfreɪd","əˈfreɪd","əˈfreId"
"23","after","prep.①在……以后②在……后面","ˈæftər","ˈɑːftə(r)","ˈ?ːftə(r)"
"24","afternoon","n.下午","ˌæftərˈnuːn","ˌɑːftəˈnuːn","ˌ?ːftəˈnuːn"
"25","afterward","ad.以后","ˈæftərwərd","ˈɑːftəwəd","ˈ?ːftəwəd"
"26","again","ad.再一次,又一次","əˈɡen","əˈɡen","əˈ?en,əˈ?eIn"
"27","against","prep.①逆着②不赞成③倚靠④和……比赛","əˈɡenst","əˈɡenst","əˈ?enst,əˈ?eInst"
"28","age","n.①年龄②时代,时期","eɪdʒ","eɪdʒ","eIdʒ"
"29","ago","ad.以前","əˈɡoʊ","əˈɡəʊ","əˈ?əʊ"
"30","agriculture","n.农业,农学","ˈæɡrɪkʌltʃər","ˈæɡrɪkʌltʃə(r)","ˈæ?rIkʌltʃə(r)"
"31","ahead","ad.①在前面②提前,预先③占优势,领先","əˈhed","əˈhed","əˈhed"
"32","aim","n.①目标②瞄准vt.把……瞄准","eɪm","eɪm","eIm"
"33","airline","n.航空公司","ˈerlaɪn","ˈeəlaɪn","ˈeəlaIn"
"34","alarm","n.①惊恐②警报器③警报","əˈlɑːrm","əˈlɑːm","əˈl?ːm"
"35","alike","a.同样的 ad.相似地","əˈlaɪk","əˈlaɪk","əˈlaIk"
"36","alive","a.①活着的②存在的③有活力的","əˈlaɪv","əˈlaɪv","əˈlaIv"
"37","all","a.一切的,所有的ad.完全地 pron.全部","ɔːl","ɔːl","ɔːl"
"38","allow","vt.①允许,准许②承认","əˈlaʊ","əˈlaʊ","əˈlaʊ"
"39","almost","ad.几乎,差不多","ˈɔːlmoʊst","ˈɔːlməʊst","ˈɔːlməʊst"
"40","alone","a.①单独的②仅,只③独一无二的 ad.①单独地②仅仅,只","əˈloʊn","əˈləʊn","əˈləʊn"
"41","along","ad.①向前地②一道,一起 prep.沿着,循着","əˈlɔːŋ","əˈlɒŋ","əˈlɒ?"
"42","aloud","ad.出声地,大声地","əˈlaʊd","əˈlaʊd","əˈlaʊd"
"43","already","ad.已经","ɔːlˈredi","ɔːlˈredi","ɔːlˈredi"
"44","also","ad.也,而且,还","ˈɔːlsoʊ","ˈɔːlsəʊ","ˈɔːlsəʊ"
"45","although","conj.虽然,尽管","ɔːlˈðoʊ","ɔːlˈðəʊ","ɔːlˈðəʊ"
"46","altogether","ad.①完全②总而言之③总共","ˌɔːltəˈɡeðər","ˌɔːltəˈɡeðə(r)","ˌɔːltəˈ?eðə(r)"
"47","always","ad.一直,总是","ˈɔːlweɪz","ˈɔːlweɪz","ˈɔːlweIz"
"48","am","v.是","æm; əm","æm; əm","强æm,弱əm"
"49","among(st)","prep.在……之中","əˈmʌŋst","əˈmʌŋst","əˈmʌ?(st)"
"50","and","conj.①和②那么③然后④而且","ænd; ənd","ænd; ənd","强ænd,弱ənd"
"51","angry","a.发怒的,生气的","ˈæŋɡri","ˈæŋɡri","ˈæ??ri"
"52","animal","n.动物,牲畜","ˈænɪm(ə)l","ˈænɪm(ə)l","ˈænIml"
"53","another","pron.再一个,另一个","əˈnʌðər","əˈnʌðə(r)","əˈnʌðə(r)"
"54","answer","n.①答复②答案 v.①回答②解答","ˈænsər","ˈɑːnsə(r)","ˈ?ːnsə(r)"
"55","ant","n.蚂蚁","ænt","ænt","ænt"
"56","anxious","a.①焦虑的②渴望的,急切的","ˈæŋkʃəs","ˈæŋkʃəs","ˈæ?kʃəs"
"57","any","pron.①无论哪个②一些,一点","ˈeni","ˈeni","ˈeni"
"58","anybody","pron.任何人","ˈenibɑːdi","ˈenibɒdi","ˈenibɒdi"
"59","anyhow","ad.①无论如何②不论用何种方法","ˈenihaʊ","ˈenihaʊ","ˈenihaʊ"
"60","anything","pron.无论什么东西","ˈeniθɪŋ","ˈeniθɪŋ","ˈeni?I?"
"61","anyway","ad.①不管怎么说②不论以何种方式","ˈeniweɪ","ˈeniweɪ","ˈeniweI"
"62","anywhere","ad.在任何地方","ˈeniwer","ˈeniweə(r)","ˈeniweə(r)"
"63","apology","n.道歉,谢罪","əˈpɑːlədʒi","əˈpɒlədʒi","əˈpɒlədʒi"
"64","apple","n.苹果","ˈæp(ə)l","ˈæp(ə)l","ˈæpl"
"65","April","n.四月","ˈeɪprəl","ˈeɪprəl","ˈeIprəl"
"66","area","n.①面积②地区③领域","ˈeriə","ˈeəriə","ˈeəriə"
"67","argue","v.争论,争吵,争辩","ˈɑːrɡjuː","ˈɑːɡjuː","ˈ?ː?juː"
"68","arm","n.①臂②臂状物③(pl.)武器 vt.①以武器装备②提供","ɑːrm","ɑːm","?ːm"
"69","army","n.(the~)(一国的)陆军","ˈɑːrmi","ˈɑːmi","ˈ?ːmi"
"70","around","ad.①在周围②到处③大约 prep.①在各处②在附近","əˈraʊnd","əˈraʊnd","əˈraʊnd"
"71","arrive","vi.①到达②(时间等)来临","əˈraɪv","əˈraɪv","əˈraIv"
"72","article","n.①物品,物件②文章,论文③冠词","ˈɑːrtɪk(ə)l","ˈɑːtɪk(ə)l","ˈ?ːtIkl"
"73","ash","n.①灰烬②骨灰","æʃ","æʃ","æʃ"
"74","ask","v.①问,询问②请求,要求","æsk","ɑːsk","?ːsk"
"75","asleep","a.睡着的","əˈsliːp","əˈsliːp","əˈsliːp"
"76","at","prep.①在……里,在……上,在……旁②向,朝","æt; ət","æt; ət","强æt,弱ət"
"77","athlete","n.运动员","ˈæθliːt","ˈæθliːt","ˈæ?liːt"
"78","attain","vt.①达到②获得","əˈteɪn","əˈteɪn","əˈteIn"
"79","attention","n.①注意②护理","əˈtenʃ(ə)n","əˈtenʃ(ə)n","əˈtenʃn"
"80","audience","n.观众","ˈɔːdiəns","ˈɔːdiəns","ˈɔːdiəns"
"81","August","n.八月","ˈɔːɡəst","ˈɔːɡəst","ˈɔː?əst"
"82","aunt","n.姨,姑,婶,伯母,舅母","ænt","ɑːnt","?ːnt"
"83","autumn","n.秋,秋季","ˈɔːtəm","ˈɔːtəm","ˈɔːtəm"
"84","awake","v.①(使)醒来②唤起 a.醒着的","əˈweɪk","əˈweɪk","əˈweIk"
"85","away","ad.离开,不在","əˈweɪ","əˈweɪ","əˈweI"
"86","awful","a.①极坏的②可怕的③非常的","ˈɔːf(ə)l","ˈɔːf(ə)l","ˈɔːfl"
"87","baby","n.①婴儿②雏鸟③宝贝儿","ˈbeɪbi","ˈbeɪbi","ˈbeIbi"
"88","background","n.背景","ˈbækɡraʊnd","ˈbækɡraʊnd","ˈbæk?raʊnd"
"89","backward","a./ad.向后(的),落后(的)","ˈbækwərd","ˈbækwəd","ˈbækwəd"
"90","bad","a.①坏的,不利的②差的","bæd","bæd","bæd"
"91","badly","ad.①坏②非常","ˈbædli","ˈbædli","ˈbædli"
"92","badminton","n.羽毛球(运动)","ˈbædmɪntən","ˈbædmɪntən","ˈbædmIntən"
"93","bag","n.①袋②手提包","bæɡ","bæɡ","bæ?"
"94","baggage","n.行李","ˈbæɡɪdʒ","ˈbæɡɪdʒ","ˈbæ?Idʒ"
"95","balance","n.①平衡②秤vt.使平衡","ˈbæləns","ˈbæləns","ˈbæləns"
"96","balcony","n.①阳台②(电影院等的)楼座","ˈbælkəni","ˈbælkəni","ˈbælkəni"
"97","ball","n.球,球状物","bɔːl","bɔːl","bɔːl"
"98","ballet","n.①芭蕾舞②芭蕾舞剧③芭蕾舞团","bæˈleɪ","ˈbæleɪ","ˈbæleI"
"99","balloon","n.气球","bəˈluːn","bəˈluːn","bəˈluːn"
"100","bamboo","n.竹子","ˌbæmˈbuː","ˌbæmˈbuː","ˌbæmˈbuː"
"101","banana","n.香蕉","bəˈnænə","bəˈnɑːnə","bəˈn?ːnə"
"102","bank","n.①银行②河岸","bæŋk","bæŋk","bæ?k"
"103","barbecue","n.①烤架②烧烤野餐 v.烧烤","ˈbɑːrbɪkjuː","ˈbɑːbɪkjuː","ˈb?ːbIkjuː"
"104","barber","n.理发师","ˈbɑːrbər","ˈbɑːbə(r)","ˈb?ːbə(r)"
"105","bark","vi.吠叫 n.①吠声②树皮","bɑːrk","bɑːk","b?ːk"
"106","baseball","n.棒球(运动)","ˈbeɪsbɔːl","ˈbeɪsbɔːl","ˈbeIsbɔːl"
"107","basin","n.①盆②盆地③流域","ˈbeɪs(ə)n","ˈbeɪs(ə)n","ˈbeIsn"
"108","basis","n.(pl.bases)基础","ˈbeɪsɪs","ˈbeɪsɪs","ˈbeIsIs"
"109","basket","n.篮子","ˈbæskɪt","ˈbɑːskɪt","ˈb?ːskIt"
"110","basketball","n.篮球(运动)","ˈbæskɪtbɔːl","ˈbɑːskɪtbɔːl","ˈb?ːskItbɔːl"
"111","bath","n.①沐浴②浴缸","bæθ","bɑːθ","b?ː?"
"112","bathe","vt.给……洗澡vi.①洗澡②游泳","beɪð","beɪð","beIð"
"113","bathroom","n.①浴室②厕所","ˈbæθruːm","ˈbɑːθruːm; ˈbɑːθrʊm","ˈb?ː?ruːm,ˈb?ː?rʊm"
"114","bay","n.①湾②分隔间","beɪ","beɪ","beI"
"115","be","v.①是,就是②有,存在","biː; bi","biː; bi","强biː,弱bi"
"116","beach","n.海滩,沙滩","biːtʃ","biːtʃ","biːtʃ"
"117","bean","n.豆","biːn","biːn","biːn"
"118","bear","n.熊 vt.忍受","ber","beə(r)","beə(r)"
"119","beard","n.胡须","bɪrd","bɪəd","bIəd"
"120","beast","n.①野兽②凶残的人","biːst","biːst","biːst"
"121","beat","vt.①连续击打②战胜vi.(心脏等)跳动","biːt","biːt","biːt"
"122","beauty","n.①美,美丽②美人","ˈbjuːti","ˈbjuːti","ˈbjuːti"
"123","because","conj.因为","bɪˈkəz, bɪˈkɔːz","bɪˈkəz; bɪˈkɒz","bIˈkɒz"
"124","become","link.v.变成,成为","bɪˈkʌm","bɪˈkʌm","bIˈkʌm"
"125","bed","n.①床②河床","bed","bed","bed"
"126","bee","n.蜜蜂","biː","biː","biː"
"127","beef","n.牛肉","biːf","biːf","biːf"
"128","beer","n.啤酒","bɪr","bɪə(r)","bIə(r)"
"129","begin","v.开始","bɪˈɡɪn","bɪˈɡɪn","bIˈ?In"
"130","behind","prep.①在……的后面②落后于③支持ad.①在后面②留在原处","bɪˈhaɪnd","bɪˈhaɪnd","bIˈhaInd"
"131","belief","n.①信心②信念③信仰","bɪˈliːf","bɪˈliːf","bIˈliːf"
"132","believe","v.①相信②认为","bɪˈliːv","bɪˈliːv","bIˈliːv"
"133","bell","n.钟声,铃声","bel","bel","bel"
"134","belly","n.肚子,腹,胃","ˈbeli","ˈbeli","ˈbeli"
"135","belong","vi.属于,是……的成员","bɪˈlɔːŋ","bɪˈlɒŋ","bIˈlɒ?"
"136","below","prep.在……以下ad.向下面,以下,在下方","bɪˈloʊ","bɪˈləʊ","bIˈləʊ"
"137","belt","n.①腰带②地带","belt","belt","belt"
"138","bench","n.长凳,长椅","bentʃ","bentʃ","bentʃ"
"139","bend","vi.俯身 v.(使)弯曲 n.弯曲(处)","bend","bend","bend"
"140","beside","prep.在……旁边","bɪˈsaɪd","bɪˈsaɪd","bIˈsaId"
"141","besides","prep.除……之外(还) ad.而且,此外(还)","bɪˈsaɪdz","bɪˈsaɪdz","bIˈsaIdz"
"142","better","a./ad.更好(的)","ˈbetər","ˈbetə(r)","ˈbetə(r)"
"143","between","prep.在……之间","bɪˈtwiːn","bɪˈtwiːn","bIˈtwiːn"
"144","beyond","prep.超出ad.在另一边,在更远处","bɪˈjɑːnd","bɪˈjɒnd","bIˈjɒnd"
"145","bible","n.(theB-)圣经","ˈbaɪb(ə)l","ˈbaɪb(ə)l","ˈbaIbl"
"146","bicycle","n.自行车vi.骑自行车","ˈbaɪsɪkl","ˈbaɪsɪk(ə)l","ˈbaIsIkl"
"147","big","a.大的","bɪɡ","bɪɡ","bI?"
"148","bill","n.①账单②法案③钞票④节目单","bɪl","bɪl","bIl"
"149","billion","num.十亿","ˈbɪljən","ˈbɪljən","ˈbIljən"
"150","biology","n.生物学","baɪˈɑːlədʒi","baɪˈɒlədʒi","baIˈɒlədʒi"
"151","bird","n.鸟,禽","bɜːrd","bɜːd","bɜːd"
"152","birth","n.①出生②起源③出身","bɜːrθ","bɜːθ","bɜː?"
"153","birthday","n.生日","ˈbɜːrθdeɪ","ˈbɜːθdeɪ","ˈbɜː?deI"
"154","biscuit","n.饼干","ˈbɪskɪt","ˈbɪskɪt","ˈbIskIt"
"155","bit","n.①一点儿②小片","bɪt","bɪt","bIt"
"156","bite","v./n.咬,叮 n.咬或叮的伤口","baɪt","baɪt","baIt"
"157","black","n.黑色 a.①黑色的②黑种人的","blæk","blæk","blæk"
"158","blackboard","n.黑板","ˈblækbɔːrd","ˈblækbɔːd","ˈblækbɔːd"
"159","blame","vt.责备,归咎于n.(过错等的)责任","bleɪm","bleɪm","bleIm"
"160","bleed","vi.(bled;bled)流血","bliːd","bliːd","bliːd"
"161","bless","vt.祝福","bles","bles","bles"
"162","blind","a.①瞎的②视而不见的③盲目的 vt.使失明","blaɪnd","blaɪnd","blaInd"
"163","block","n.①大厦②街区③大块④障碍,堵塞(物)vt.①阻塞②阻止","blɑːk","blɒk","blɒk"
"164","blood","n.血,血液","blʌd","blʌd","blʌd"
"165","blouse","n.女衬衫","blaʊs","blaʊz","blaʊz"
"166","boat","n.船,小船","boʊt","bəʊt","bəʊt"
"167","body","n.①身体,躯体②躯干③(sing.)主体④尸体","ˈbɑːdi","ˈbɒdi","ˈbɒdi"
"168","boil","vi.①沸腾②动怒","bɔɪl","bɔɪl","bɔIl"
"169","bomb","n.炸弹 vt.轰炸","bɑːm","bɒm","bɒm"
"170","bone","n.骨,骨骼","boʊn","bəʊn","bəʊn"
"171","border","n.边界","ˈbɔːrdər","ˈbɔːdə(r)","ˈbɔːdə(r)"
"172","born","a.天生的 v.出生","bɔːrn","bɔːn","bɔːn"
"173","borrow","vt.借,借入","ˈbɔːroʊ","ˈbɒrəʊ","ˈbɒrəʊ"
"174","boss","n.老板,上司","bɔːs","bɒs","bɒs"
"175","both","a./pron.两者(都)","boʊθ","bəʊθ","bəʊ?"
"176","bother","vt.①打扰,麻烦②使不安","ˈbɑːðər","ˈbɒðə(r)","ˈbɒðə(r)"
"177","bottle","n.瓶 vt.把……装进瓶中","ˈbɑːt(ə)l","ˈbɒt(ə)l","ˈbɒtl"
"178","bottom","n.①底,底部②尽头③臀部","ˈbɑːtəm","ˈbɒtəm","ˈbɒtəm"
"179","bow","n.①弓②蝴蝶结 [baʊ]vt.①低头②压弯vi./n.鞠躬","baʊ; boʊ","baʊ; bəʊ","bəʊ"
"180","box","n.箱,盒 vt.①把……装箱(或盒)②(用拳或手掌)打,击 vi.拳击","bɑːks","bɒks","bɒks"
"181","boxing","n.拳击(运动)","ˈbɑːksɪŋ","ˈbɒksɪŋ","ˈbɒksI?"
"182","boy","n.①男孩②儿子","bɔɪ","bɔɪ","bɔI"
"183","brain","n.①脑②脑力","breɪn","breɪn","breIn"
"184","brake","n.车闸","breɪk","breɪk","breIk"
"185","brave","a.勇敢的,无畏的","breɪv","breɪv","breIv"
"186","bread","n.面包","bred","bred","bred"
"187","breakfast","n.早餐 vi.吃早餐","ˈbrekfəst","ˈbrekfəst","ˈbrekfəst"
"188","breast","n.胸脯,乳房","brest","brest","brest"
"189","breath","n.呼吸的空气","breθ","breθ","bre?"
"190","breathe","v.呼吸 vt.呼出","briːð","briːð","briːð"
"191","brick","n.①砖②积木vt.用砖砌","brɪk","brɪk","brIk"
"192","bride","n.新娘","braɪd","braɪd","braId"
"193","bridegroom","n.新郎","ˈbraɪdɡruːm","ˈbraɪdɡruːm","ˈbraId?ruːm"
"194","bridge","n.①桥②桥梁③桥牌","brɪdʒ","brɪdʒ","brIdʒ"
"195","brief","a.①短暂的②简短的 vt.向……介绍 n.概要","briːf","briːf","briːf"
"196","bright","a.①明亮的②欢快的③鲜艳的","braɪt","braɪt","braIt"
"197","bring","vt.①带来②提供③导致","brɪŋ","brɪŋ","brI?"
"198","brother","n.①兄弟②伙伴","ˈbrʌðər","ˈbrʌðə(r)","ˈbrʌðə(r)"
"199","brown","a./n.棕色(的),褐色(的)","braʊn","braʊn","braʊn"
"200","brush","n.刷子,毛笔,画笔vt.刷,掸,拂","brʌʃ","brʌʃ","brʌʃ"
"201","build","vt.①建造②建立","bɪld","bɪld","bIld"
"202","burden","n.重担,负担 vt.①加重压于……②负重","ˈbɜːrd(ə)n","ˈbɜːd(ə)n","ˈbɜːdn"
"203","burn","vi.燃烧 vt.①使燃烧②烧掉③烧伤","bɜːrn","bɜːn","bɜːn"
"204","burst","vt.使爆裂","bɜːrst","bɜːst","bɜːst"
"205","bury","vt.①埋葬②掩埋③掩盖","ˈberi","ˈberi","ˈberi"
"206","bus","n.公交车","bʌs","bʌs","bʌs"
"207","business","n.①商业,生意②公司,商店③公事④职责","ˈbɪznəs","ˈbɪznəs","ˈbIznəs"
"208","businessman","n.(男)企业家","ˈbɪznəsmæn","ˈbɪznəsmæn","ˈbIznəmæn,ˈbIznəsmən"
"209","busy","a.①忙碌的②熙熙攘攘的③正被占用的","ˈbɪzi","ˈbɪzi","ˈbIzi"
"210","but","conj.①但是,然而②而,相反 prep.除……以外 ad.只,仅仅","bʌt; bət","bʌt; bət","强bʌt,弱bət"
"211","butter","n.黄油","ˈbʌtər","ˈbʌtə(r)","ˈbʌtə(r)"
"212","butterfly","n.蝴蝶","ˈbʌtərflaɪ","ˈbʌtəflaɪ","ˈbʌtəflaI"
"213","button","n.①纽扣②按钮","ˈbʌt(ə)n","ˈbʌt(ə)n","ˈbʌtn"
"214","buy","vt.①买,购买②收买,贿赂 vi.购买","baɪ","baɪ","baI"
"215","cab","n.出租汽车","kæb","kæb","kæb"
"216","cabbage","n.卷心菜,洋白菜","ˈkæbɪdʒ","ˈkæbɪdʒ","ˈkæbIdʒ"
"217","cafe","n.咖啡馆","kæˈfeɪ","ˈkæfeɪ","ˈkæfeI"
"218","cafeteria","n.自助餐厅","ˌkæfəˈtɪriə","ˌkæfəˈtɪəriə","ˌkæfəˈtIəriə"
"219","cage","n.笼子","keɪdʒ","keɪdʒ","keIdʒ"
"220","cake","n.饼,糕,蛋糕","keɪk","keɪk","keIk"
"221","calm","a.镇静的,平静的","kɑːm","kɑːm","k?ːm"
"222","camel","n.骆驼","ˈkæm(ə)l","ˈkæm(ə)l","ˈkæml"
"223","camera","n.相机,摄像机","ˈkæm(ə)rə","ˈkæm(ə)rə","ˈkæmərə"
"224","can","modalv.①能够②可以③可能,会 n.金属罐","kæn; kən","kæn; kən","kæn"
"225","cancel","vt.①取消②收回","ˈkæns(ə)l","ˈkæns(ə)l","ˈkænsl"
"226","cancer","n.癌","ˈkænsər","ˈkænsə(r)","ˈkænsə(r)"
"227","candle","n.蜡烛","ˈkænd(ə)l","ˈkænd(ə)l","ˈkændl"
"228","candy","n.(美)糖果","ˈkændi","ˈkændi","ˈkændi"
"229","cap","n.帽子,便帽","kæp","kæp","kæp"
"230","care","vi.关心vt.①对……介意②喜欢n.①照顾②小心③忧虑","ker","keə(r)","keə(r)"
"231","carrot","n.胡萝卜","ˈkærət","ˈkærət","ˈkærət"
"232","carry","vt.①携带②运送","ˈkæri","ˈkæri","ˈkæri"
"233","cash","n.现款,现金vt.兑现","kæʃ","kæʃ","kæʃ"
"234","castle","n.城堡","ˈkæs(ə)l","ˈkɑːs(ə)l","ˈk?ːsl"
"235","cat","n.①猫②猫科动物","kæt","kæt","kæt"
"236","catch","vt.①抓住②偶然(或突然)撞见","kætʃ","kætʃ","kætʃ"
"237","cater","vi.①迎合②承办酒席","ˈkeɪtər","ˈkeɪtə(r)","ˈkeItə(r)"
"238","cattle","n.(pl.)牛","ˈkæt(ə)l","ˈkæt(ə)l","ˈkætl"
"239","cause","n.①原因②事业vt.引起","kɔːz","kɔːz","kɔːz"
"240","cave","n.山洞,洞穴","keɪv","keɪv","keIv"
"241","celebrate","v.庆祝,庆贺","ˈselɪbreɪt","ˈselɪbreɪt","ˈselIbreIt"
"242","cell","n.①细胞②小牢房","sel","sel","sel"
"243","cellphone","n.移动电话","ˈselfoʊn","ˈselˌfəʊn","ˈselfəʊn"
"244","cent","n.分,分币","sent","sent","sent"
"245","centigrade","a./n.摄氏度(的)","ˈsentɪɡreɪd","ˈsentɪɡreɪd","ˈsentI?reId"
"246","century","n.世纪,百年","ˈsentʃəri","ˈsentʃəri","ˈsentʃəri"
"247","certain","a.①某一,某种②肯定的,无疑的","ˈsɜːrt(ə)n","ˈsɜːt(ə)n","ˈsɜːtn"
"248","chain","n.①链子②一连串③连锁店","tʃeɪn","tʃeɪn","tʃeIn"
"249","chair","n.①椅子②(the~)主席 vt.主持(会议等)","tʃer","tʃeə(r)","tʃeə(r)"
"250","chairman","n.主席","ˈtʃermən","ˈtʃeəmən","ˈtʃeəmən"
"251","chalk","n.粉笔","tʃɔːk","tʃɔːk","tʃɔːk"
"252","chance","n.①可能性②机会,机遇③冒险④偶然,碰巧","tʃæns","tʃɑːns","tʃ?ːns"
"253","chapter","n.章,回,篇","ˈtʃæptər","ˈtʃæptə(r)","ˈtʃæptə(r)"
"254","cheap","a.便宜的,廉价的","tʃiːp","tʃiːp","tʃiːp"
"255","cheat","vt.欺骗,骗取vi.作弊 n.骗子","tʃiːt","tʃiːt","tʃiːt"
"256","check","n.①检查,核对②支票,账单 v.检查,审查","tʃek","tʃek","tʃek"
"257","cheek","n.面颊,脸蛋","tʃiːk","tʃiːk","tʃiːk"
"258","cheer","vt.使振奋,使高兴","tʃɪr","tʃɪə(r)","tʃIə(r)"
"259","cheese","n.奶酪,干酪","tʃiːz","tʃiːz","tʃiːz"
"260","chemistry","n.化学","ˈkemɪstri","ˈkemɪstri","ˈkemIstri"
"261","chess","n.国际象棋","tʃes","tʃes","tʃes"
"262","chest","n.①箱子②柜子③胸部,胸腔","tʃest","tʃest","tʃest"
"263","chew","v./n.咀嚼","tʃuː","tʃuː","tʃuː"
"264","chicken","n.①鸡②鸡肉","ˈtʃɪkɪn","ˈtʃɪkɪn","ˈtʃIkIn"
"265","chief","a.主要的,首要的n.首领","tʃiːf","tʃiːf","tʃiːf"
"266","child","n.①小孩,儿童②子女,孩子","tʃaɪld","tʃaɪld","tʃaIld"
"267","chimney","n.烟囱,烟道","ˈtʃɪmni","ˈtʃɪmni","ˈtʃImni"
"268","china","n.瓷,瓷器","ˈtʃaɪnə","ˈtʃaɪnə","ˈtʃaInə"
"269","chocolate","n.①巧克力②巧克力糖","ˈtʃɔːklət","ˈtʃɒklət","ˈtʃɒklət"
"270","choice","n.选择,选择权","tʃɔɪs","tʃɔɪs","tʃɔIs"
"271","choose","vt.①选择②决定","tʃuːz","tʃuːz","tʃuːz"
"272","chopstick","n.(常pl.)筷子","ˈtʃɑːpstɪk","ˈtʃɒpstɪk","ˈtʃɒpstIk"
"273","Christ","n.基督,救世主","kraɪst","kraɪst","kraIst"
"274","church","n.①教堂②礼拜","tʃɜːrtʃ","tʃɜːtʃ","tʃɜːtʃ"
"275","cigar","n.雪茄烟","sɪˈɡɑːr","sɪˈɡɑː(r)","sIˈ??ː(r)"
"276","cigarette","n.香烟,卷烟","ˈsɪɡəret","ˌsɪɡəˈret","ˌsI?əˈret"
"277","cinema","n.①电影院②电影业","ˈsɪnəmə","ˈsɪnəmə","ˈsInəmə"
"278","city","n.城市","ˈsɪti","ˈsɪti","ˈsIti"
"279","civil","a.①公民的,平民的②民事的","ˈsɪv(ə)l","ˈsɪv(ə)l","ˈsIvl"
"280","civilian","a./n.平民(的),百姓(的)","səˈvɪliən","səˈvɪliən","səˈvIliən"
"281","classmate","n.同学","ˈklæsmeɪt","ˈklɑːsmeɪt","ˈkl?ːsmeIt"
"282","classroom","n.教室","ˈklæsruːm","ˈklɑːsruːm","ˈkl?ːsruːm,ˈkl?ːsrʊm"
"283","clean","a.①清洁的②清白的 vt.把……弄干净","kliːn","kliːn","kliːn"
"284","clerk","n.职员","klɜːrk","klɑːk","kl?ːk"
"285","clever","a.①聪明的②灵巧的","ˈklevər","ˈklevə(r)","ˈklevə(r)"
"286","climate","n.气候","ˈklaɪmət","ˈklaɪmət","ˈklaImət"
"287","climb","v./n.①攀登,爬②上升","klaɪm","klaɪm","klaIm"
"288","clinic","n.诊所","ˈklɪnɪk","ˈklɪnɪk","ˈklInIk"
"289","clone","n./v.克隆","kloʊn","kləʊn","kləʊn"
"290","cloth","n.①织物②桌布,抹布","klɔːθ","klɒθ","klɒ?"
"291","clothes","n.衣服,服装","kloʊðz","kləʊðz","kləʊðz"
"292","cloud","n.①云,云朵②阴影,忧郁 vt.①使模糊,使阴暗②遮盖,笼罩","klaʊd","klaʊd","klaʊd"
"293","club","n.①俱乐部②棍棒③(高尔夫)球杆 vt.棒打","klʌb","klʌb","klʌb"
"294","coach","n.①教练②长途公共汽车 vt.训练,指导,辅导","koʊtʃ","kəʊtʃ","kəʊtʃ"
"295","coal","n.①煤②煤块","koʊl","kəʊl","kəʊl"
"296","coat","n.①上衣,外套②动物皮毛","koʊt","kəʊt","kəʊt"
"297","coffee","n.咖啡","ˈkɔːfi","ˈkɒfi","ˈkɒfi"
"298","coin","n.硬币,金属货币","kɔɪn","kɔɪn","kɔIn"
"299","cold","a.冷的,寒冷的n.①冷,寒冷②伤风,感冒","koʊld","kəʊld","kəʊld"
"300","collar","n.衣领,领子","ˈkɑːlər","ˈkɒlə(r)","ˈkɒlə(r)"
"301","college","n.大学,学院","ˈkɑːlɪdʒ","ˈkɒlɪdʒ","ˈkɒlIdʒ"
"302","colo(u)r","n.颜色,色彩","ˈkʌlər","ˈkʌlə(r)","ˈkʌlə(r)"
"303","comb","n.①梳子②(公鸡的)鸡冠","koʊm","kəʊm","kəʊm"
"304","comedy","n.①喜剧②滑稽,幽默","ˈkɑːmədi","ˈkɒmədi","ˈkɒmədi"
"305","comfort","n.①舒适②安慰","ˈkʌmfərt","ˈkʌmfət","ˈkʌmfət"
"306","compare","vt.①比较②把……比作 vi.相比,比得上","kəmˈper","kəmˈpeə(r)","kəmˈpeə(r)"
"307","complete","a.①十足的②完整的 vt.①完成②使完整","kəmˈpliːt","kəmˈpliːt","kəmˈpliːt"
"308","concert","n.音乐会,演奏会","ˈkɑːnsərt","ˈkɒnsət","ˈkɒnsət"
"309","connect","vt.①使连接②联系,结合③接通 vi.连接","kəˈnekt","kəˈnekt","kəˈnekt"
"310","control","vt./n.控制,支配","kənˈtroʊl","kənˈtrəʊl","kənˈtrəʊl"
"311","cook","vt.烹调,煮,烧n.厨师","kʊk","kʊk","kʊk"
"312","cookie","n.曲奇饼","ˈkʊki","ˈkʊki","ˈkʊki"
"313","cool","a.①凉的②冷静的③冷淡的 v.①(使)变凉②(使)冷静下来","kuːl","kuːl","kuːl"
"314","copy","n.①副本②一本,一册 vt.①抄写②模仿,抄袭","ˈkɑːpi","ˈkɒpi","ˈkɒpi"
"315","corn","n.(小麦等)谷物","kɔːrn","kɔːn","kɔːn"
"316","corner","n.角(落)vt.将……逼入困境","ˈkɔːrnər","ˈkɔːnə(r)","ˈkɔːnə(r)"
"317","correct","a.①正确的②合适的,恰当的 vt.①改正,纠正②批改","kəˈrekt","kəˈrekt","kəˈrekt"
"318","cotton","n.①棉,棉花②棉织物","ˈkɑːt(ə)n","ˈkɒtn","ˈkɒtn"
"319","cough","vi./n.咳,咳嗽","kɔːf","kɒf","kɒf"
"320","could","modalv.①[can的过去式]②可以,能,可能","kʊd; kəd","kʊd; kəd","强kʊd,弱kəd"
"321","countryside","n.(the~)农村,乡下","ˈkʌntrisaɪd","ˈkʌntrisaɪd","ˈkʌntrisaId"
"322","couple","n.①一对,一双②几个人,几个事物③夫妻,情侣","ˈkʌp(ə)l","ˈkʌp(ə)l","ˈkʌpl"
"323","courage","n.勇气,胆量","ˈkɜːrɪdʒ","ˈkʌrɪdʒ","ˈkʌrIdʒ"
"324","courtyard","n.庭院","ˈkɔːrtjɑːrd","ˈkɔːtjɑːd","ˈkɔːtj?ːd"
"325","cousin","n.堂(或表)兄弟,堂(或表)姐妹","ˈkʌzn","ˈkʌzn","ˈkʌzn"
"326","cow","n.奶牛,母牛 vt.恐吓,威胁","kaʊ","kaʊ","kaʊ"
"327","crazy","a.①发疯的②着迷的","ˈkreɪzi","ˈkreɪzi","ˈkreIzi"
"328","cream","n.奶油,乳脂","kriːm","kriːm","kriːm"
"329","creature","n.①生物,动物②人","ˈkriːtʃər","ˈkriːtʃə(r)","ˈkriːtʃə(r)"
"330","credit","n.①赊购,赊欠②借款,贷款,信用③荣誉④学分","ˈkredɪt","ˈkredɪt","ˈkredIt"
"331","crime","n.①犯罪活动②罪,罪行","kraɪm","kraɪm","kraIm"
"332","crop","n.作物,庄稼","krɑːp","krɒp","krɒp"
"333","cross","v.①穿过,越过②(使)交叉,(使)相交 n.十字架","krɔːs","krɒs","krɒs"
"334","crowd","n.人群 vt.挤满","kraʊd","kraʊd","kraʊd"
"335","cry","vi./n.①哭②叫喊","kraɪ","kraɪ","kraI"
"336","cube","n.立方","kjuːb","kjuːb","kjuːb"
"337","cup","n.①杯子②奖杯③杯状物","kʌp","kʌp","kʌp"
"338","cupboard","n.橱柜","ˈkʌbərd","ˈkʌbəd","ˈkʌbəd"
"339","cure","vt.①治愈②解决","kjʊr","kjʊə(r)","kjʊə(r)"
"340","curtain","n.窗帘,门帘","ˈkɜːrt(ə)n","ˈkɜːt(ə)n","ˈkɜːtn"
"341","customer","n.顾客,主顾","ˈkʌstəmər","ˈkʌstəmə(r)","ˈkʌstəmə(r)"
"342","customs","n.海关","ˈkʌstəmz","ˈkʌstəmz","ˈkʌstəmz"
"343","cut","vt.①切,割②修剪,剪短","kʌt","kʌt","kʌt"
"344","dad","n.爸爸","dæd","dæd","dæd"
"345","daily","a.每日的,日常的 ad.每日,天天 n.日报","ˈdeɪli","ˈdeɪli","ˈdeIli"
"346","dam","n.坝,堤 vt.(在河上)筑堤","dæm","dæm","dæm"
"347","damage","vt./n.毁坏,损害","ˈdæmɪdʒ","ˈdæmɪdʒ","ˈdæmIdʒ"
"348","dance","n.舞,舞蹈v.①跳舞②跳动","dæns","dɑːns","d?ːns"
"349","dare","vt.①敢,敢做②向……挑战 n.(常sing.)激将,挑战","der","deə(r)","deə(r)"
"350","dark","a.暗的,黑暗的","dɑːrk","dɑːk","d?ːk"
"351","darling","n.①亲爱的②心爱的人 a.可爱的","ˈdɑːrlɪŋ","ˈdɑːlɪŋ","ˈd?ːlI?"
"352","dash","vi.猛冲 vt.猛掷n.①猛冲②破折号","dæʃ","dæʃ","dæʃ"
"353","daughter","n.女儿","ˈdɔːtər","ˈdɔːtə(r)","ˈdɔːtə(r)"
"354","day","n.①一天②白昼,白天③(常pl.)时期,时代","deɪ","deɪ","deI"
"355","deaf","a.①聋的②不愿听的,装聋的","def","def","def"
"356","deal","n.①交易,协议②(常sing.)待遇","diːl","diːl","diːl"
"357","dear","a.①亲爱的②昂贵的","dɪr","dɪə(r)","dIə(r)"
"358","death","n.①死,灭亡②破灭","deθ","deθ","de?"
"359","debt","n.债务","det","det","det"
"360","December","n.十二月","dɪˈsembər","dɪˈsembə(r)","dIˈsembə(r)"
"361","deed","n.①行为②(常pl.)契约,证书","diːd","diːd","diːd"
"362","deep","a.①深的②(声音)深沉的③深刻的 ad.深深地","diːp","diːp","diːp"
"363","deer","n.鹿","dɪr","dɪə(r)","dIə(r)"
"364","degree","n.①度,度数②程度③学位","dɪˈɡriː","dɪˈɡriː","dIˈ?riː"
"365","delicious","a.美味的,芬芳的","dɪˈlɪʃəs","dɪˈlɪʃəs","dIˈlIʃəs"
"366","dentist","n.牙科医生","ˈdentɪst","ˈdentɪst","ˈdentIst"
"367","depth","n.①深(度)②深切","depθ","depθ","dep?"
"368","desert","n.[dIˈzɜːt]v. n.沙漠vt.离弃 vi.开小差","ˈdezərt","ˈdezət","ˈdezət"
"369","design","vt./n.设计,构想","dɪˈzaɪn","dɪˈzaɪn","dIˈzaIn"
"370","desk","n.书桌,办公桌","desk","desk","desk"
"371","destroy","vt.①破坏②消灭","dɪˈstrɔɪ","dɪˈstrɔɪ","dIˈstrɔI"
"372","diamond","n.①钻石,金刚石②菱形","ˈdaɪmənd; ˈdaɪəmənd","ˈdaɪmənd; ˈdaɪəmənd","ˈdaIəmənd"
"373","diary","n.日记簿,日记","ˈdaɪəri","ˈdaɪəri","ˈdaIəri"
"374","die","vi.①死,死亡②消失","daɪ","daɪ","daI"
"375","diet","n.①日常饮食②规定饮食","ˈdaɪət","ˈdaɪət","ˈdaIət"
"376","difficult","a.困难的,难懂的","ˈdɪfɪkəlt","ˈdɪfɪkəlt","ˈdIfIkəlt"
"377","dig","v.挖,掘","dɪɡ","dɪɡ","dI?"
"378","dinner","n.①正餐,主餐②宴会","ˈdɪnər","ˈdɪnə(r)","ˈdInə(r)"
"379","dip","vi./n.落下,下降vt.①浸,蘸②使下降,使下沉","dɪp","dɪp","dIp"
"380","disaster","n.①灾难②彻底的失败","dɪˈzæstər","dɪˈzɑːstə(r)","dIˈz?ːstə(r)"
"381","discuss","vt.①讨论②谈论,论述","dɪˈskʌs","dɪˈskʌs","dIˈskʌs"
"382","disease","n.①病,疾病②弊端","dɪˈziːz","dɪˈziːz","dIˈziːz"
"383","dish","n.①碟,盘②菜肴,一盘菜","dɪʃ","dɪʃ","dIʃ"
"384","dislike","vt./n.不喜欢,厌恶","dɪsˈlaɪk","dɪsˈlaɪk","dIsˈlaIk"
"385","distance","n.①距离②远方③冷淡","ˈdɪstəns","ˈdɪstəns","ˈdIstəns"
"386","district","n.地区,行政区","ˈdɪstrɪkt","ˈdɪstrɪkt","ˈdIstrIkt"
"387","doctor","n.①医生②(常D-)博士 vt.篡改,伪造","ˈdɑːktər","ˈdɒktə(r)","ˈdɒktə(r)"
"388","dog","n.狗","dɔːɡ","dɒɡ","dɒ?"
"389","doll","n.玩偶,玩具娃娃","dɑːl","dɒl","dɒl"
"390","dollar","n.美元","ˈdɑːlər","ˈdɒlə(r)","ˈdɒlə(r)"
"391","dolphin","n.海豚","ˈdɑːlfɪn","ˈdɒlfɪn","ˈdɒlfIn"
"392","donkey","n.驴","ˈdɑːŋki","ˈdɒŋki","ˈdɒ?ki"
"393","door","n.①门②出入口","dɔːr","dɔː(r)","dɔː(r)"
"394","dove","n.①鸽子②温和派人士","dʌv","dʌv","dʌv"
"395","downstairs","ad.在楼下,往楼下 n.楼下","ˌdaʊnˈsterz","ˌdaʊnˈsteəz","ˌdaʊnˈsteəz"
"396","downtown","ad.在市中心 a.商业区的","ˌdaʊnˈtaʊn","ˌdaʊnˈtaʊn","ˌdaʊnˈtaʊn"
"397","dragon","n.龙","ˈdræɡən","ˈdræɡən","ˈdræ?ən"
"398","dream","vi.做梦,梦想 vt.梦见 n.梦想","driːm","driːm","driːm"
"399","dress","n.①连衣裙②衣服v.穿衣","dres","dres","dres"
"400","drill","n.①钻头②操练v.①钻(孔)②操练","drɪl","drɪl","drIl"
"401","drink","vt.饮,喝 n.饮料,酒","drɪŋk","drɪŋk","drI?k"
"402","drug","n.①药物②毒品","drʌɡ","drʌɡ","drʌ?"
"403","drum","n.①鼓②大桶③滚筒","drʌm","drʌm","drʌm"
"404","drunk","a.①(酒)醉的②陶醉的","drʌŋk","drʌŋk","drʌ?k"
"405","duck","n.①鸭②鸭肉","dʌk","dʌk","dʌk"
"406","due","a.①到期的②应给的","duː","djuː","djuː"
"407","dull","a.①乏味的②不明亮的③低沉的","dʌl","dʌl","dʌl"
"408","dusk","n.薄暮,黄昏","dʌsk","dʌsk","dʌsk"
"409","duty","n.①责任②关税","ˈduːti","ˈdjuːti","ˈdjuːti"
"410","each","a.每 pron.每个","iːtʃ","iːtʃ","iːtʃ"
"411","eagle","n.鹰","ˈiːɡ(ə)l","ˈiːɡ(ə)l","ˈiː?l"
"412","ear","n.耳,耳朵","ɪr","ɪə(r)","Iə(r)"
"413","early","a.①早期的②提早的ad.①在早期②提前,提早","ˈɜːrli","ˈɜːli","ˈɜːli"
"414","earn","vt.①赚得②获得","ɜːrn","ɜːn","ɜːn"
"415","earth","n.①地球②陆地,地面③土,泥","ɜːrθ","ɜːθ","ɜː?"
"416","earthquake","n.地震","ˈɜːrθkweɪk","ˈɜːθkweɪk","ˈɜː?kweIk"
"417","east","n.东,东方,东部ad.向东","iːst","iːst","iːst"
"418","eat","v.①吃②吃饭","iːt","iːt","iːt"
"419","ecology","n.生态,生态学","iˈkɑːlədʒi","iˈkɒlədʒi","iˈkɒlədʒi"
"420","edge","n.边,边缘","edʒ","edʒ","edʒ"
"421","educate","vt.教育","ˈedʒukeɪt","ˈedʒukeɪt","ˈedʒukeIt"
"422","effort","n.①努力②成就","ˈefərt","ˈefət","ˈefət"
"423","egg","n.①蛋,鸡蛋②卵","eɡ","eɡ","e?"
"424","eggplant","n.茄子","ˈeɡplænt","ˈeɡplɑːnt","ˈe?pl?ːnt"
"425","eight","num.八","eɪt","eɪt","eIt"
"426","eighteen","num.十八","ˌeɪˈtiːn","ˌeɪˈtiːn","ˌeIˈtiːn"
"427","eighth","ord.第八 n.八分之一","eɪtθ","eɪtθ","eIt?"
"428","eighty","num.八十","ˈeɪti","ˈeɪti","ˈeIti"
"429","either","a.(两者之中)任一的 ad.也不pron.(两者中)任何一个","ˈiːðər","ˈaɪðə(r)","ˈaIðə(r),ˈiːðə(r)"
"430","electricity","n.电","ɪˌlekˈtrɪsəti","ɪˌlekˈtrɪsəti","IˌlekˈtrIsəti"
"431","elephant","n.象","ˈelɪfənt; ˈeləfənt","ˈelɪfənt; ˈeləfənt","ˈelIfənt"
"432","eleven","num.十一","ɪˈlev(ə)n","ɪˈlev(ə)n","Iˈlevn"
"433","email/e-mail","n.电子邮件","ˈiːmeɪl","ˈiːmeɪl","ˈiːmeIl"
"434","empty","a.①空的②空闲的③空虚的 vt.①清空②倾倒","ˈempti","ˈempti","ˈempti"
"435","end","n.①最后部分②结局v.结束","end","end","end"
"436","enemy","n.①敌人②敌军","ˈenəmi","ˈenəmi","ˈenəmi"
"437","energy","n.①活力②能量","ˈenərdʒi","ˈenədʒi","ˈenədʒi"
"438","engine","n.①发动机②机车","ˈendʒɪn","ˈendʒɪn","ˈendʒIn"
"439","engineer","n.工程师 vt.①策划②设计","ˌendʒɪˈnɪr","ˌendʒɪˈnɪə(r)","ˌendʒIˈnIə(r)"
"440","enjoy","vt.享受,喜爱","ɪnˈdʒɔɪ","ɪnˈdʒɔɪ","InˈdʒɔI"
"441","enough","ad.①足够(地)②相当","ɪˈnʌf","ɪˈnʌf","Iˈnʌf"
"442","enter","v.进来,进入vt.加入","ˈentər","ˈentə(r)","ˈentə(r)"
"443","envelope","n.①信封②外裹物","ˈenvəloʊp","ˈenvələʊp","ˈenvələʊp"
"444","even","ad.甚至,即使a.①平的②均匀的","ˈiːv(ə)n","ˈiːv(ə)n","ˈiːvn"
"445","evening","n.傍晚,晚上","ˈiːvnɪŋ","ˈiːvnɪŋ","ˈiːvnI?"
"446","event","n.①事件②运动项目","ɪˈvent","ɪˈvent","Iˈvent"
"447","every","a.①每一(个)②每……一次的","ˈevri","ˈevri","ˈevri"
"448","everybody","pron.每人,大家","ˈevribɑːdi; ˈevribʌdi","ˈevribɒdi","ˈevribɒdi"
"449","everyday","a.每天的","ˈevrideɪ","ˈevrideɪ","ˈevrideI"
"450","everyone","pron.每人,人人","ˈevriwʌn","ˈevriwʌn","ˈevriwʌn"
"451","everything","pron.一切,所有事","ˈevriθɪŋ","ˈevriθɪŋ","ˈevri?I?"
"452","everywhere","ad.到处,无论何处","ˈevriwer","ˈevriweə(r)","ˈevriweə(r)"
"453","exact","a.精确的","ɪɡˈzækt","ɪɡˈzækt","I?ˈzækt"
"454","examine","vt.①(仔细)检查②对……进行考查③考核","ɪɡˈzæmɪn","ɪɡˈzæmɪn","I?ˈzæmIn"
"455","excite","vt.①使激动,使兴奋②引起,激起","ɪkˈsaɪt","ɪkˈsaɪt","IkˈsaIt"
"456","excuse","v.[Ikˈskjuːs]n. vt.①原谅②使免除③为……辩解n.借口","ɪkˈskjuːs","ɪkˈskjuːs","Ikˈskjuːz"
"457","exercise","n.①锻炼,运动②练习,体操 v.锻炼","ˈeksərsaɪz","ˈeksəsaɪz","ˈeksəsaIz"
"458","exist","vi.①存在②出现③维持生存","ɪɡˈzɪst","ɪɡˈzɪst","I?ˈzIst"
"459","exit","n.出口,通道v./n.退出","ˈeksɪt","ˈeksɪt","ˈeksIt,ˈe?zIt"
"460","experience","n.①经验②经历③感受 vt.经历","ɪkˈspɪriəns","ɪkˈspɪəriəns","IkˈspIəriəns"
"461","explain","v.说明,解释","ɪkˈspleɪn","ɪkˈspleɪn","IkˈspleIn"
"462","extra","a.额外的,另外的","ˈekstrə","ˈekstrə","ˈekstrə"
"463","eye","n.①眼睛②视力③眼力④监督","aɪ","aɪ","aI"
"464","eyesight","n.视力","ˈaɪsaɪt","ˈaɪsaɪt","ˈaIsaIt"
"465","fail","vi.①失败②不及格③失灵 vt.①使失望②没有通过(考试)","feɪl","feɪl","feIl"
"466","fall","vi.①落下②跌倒③下降④变成⑤降临 n.瀑布","fɔːl","fɔːl","fɔːl"
"467","false","a.①不真实的②假的③不真诚的","fɔːls","fɔːls","fɔːls"
"468","familiar","a.熟悉的,通晓的","fəˈmɪliər","fəˈmɪliə(r)","fəˈmIliə(r)"
"469","family","n.①家,家庭(成员)②家族","ˈfæməli","ˈfæməli","ˈfæməli"
"470","fan","n.①狂热爱好者②风扇","fæn","fæn","fæn"
"471","far","ad.①远②很大程度上 a.远的,遥远的","fɑːr","fɑː(r)","f?ː(r)"
"472","farm","n.农场,农舍v.务农","fɑːrm","fɑːm","f?ːm"
"473","farther","ad./a.更远(的)","ˈfɑːrðər","ˈfɑːðə(r)","ˈf?ːðə(r)"
"474","fast","a.快的 ad.①迅速地②牢固地","fæst","fɑːst","f?ːst"
"475","fat","a.①肥胖的②丰厚的n.脂肪","fæt","fæt","fæt"
"476","father","n.①父亲②祖先","ˈfɑːðər","ˈfɑːðə(r)","ˈf?ːðə(r)"
"477","fault","n.①缺陷,故障②错误 vt.找出缺点","fɔːlt","fɔːlt","fɔːlt"
"478","favo(u)r","n.①偏爱②赞同③恩惠 vt.①偏爱②有利于","ˈfeɪvər","ˈfeɪvə(r)","ˈfeIvə(r)"
"479","fax","n.①传真②传真机 vt.传真","fæks","fæks","fæks"
"480","fear","vt./n.害怕,恐惧","fɪr","fɪə(r)","fIə(r)"
"481","feather","n.羽毛,翎毛","ˈfeðər","ˈfeðə(r)","ˈfeðə(r)"
"482","February","n.二月","ˈfebrueri","ˈfebruəri","ˈfebruəri"
"483","fee","n.专业服务费,报酬","fiː","fiː","fiː"
"484","feel","vi.感觉,觉得 vt.触,摸 n.手感,感觉","fiːl","fiːl","fiːl"
"485","fellow","n.①男人,小伙子②同事③(学术团体的)会员","ˈfeloʊ","ˈfeləʊ","ˈfeləʊ"
"486","fence","n.栅栏,围栏,篱笆","fens","fens","fens"
"487","festival","n.①节②节日","ˈfestɪvl; ˈfestəvəl","ˈfestɪvl; ˈfestəvəl","ˈfestIvl"
"488","fetch","vt.(去)拿来,(去)请来","fetʃ","fetʃ","fetʃ"
"489","fever","n.发烧","ˈfiːvər","ˈfiːvə(r)","ˈfiːvə(r)"
"490","few","a./pron.很少,有些","fjuː","fjuː","fjuː"
"491","fiber/-bre","n.纤维(素)","ˈfaɪbər","ˈfaɪbə(r)","ˈfaIbə(r)"
"492","field","n.①田地②领域③实地④运动场","fiːld","fiːld","fiːld"
"493","fifteen","num.十五","ˌfɪfˈtiːn","ˌfɪfˈtiːn","ˌfIfˈtiːn"
"494","fifth","ord.第五 n.五分之一","fɪfθ","fɪfθ","fIf?"
"495","fifty","num.五十","ˈfɪfti","ˈfɪfti","ˈfIfti"
"496","fight","v./n.①战斗②竞赛","faɪt","faɪt","faIt"
"497","figure","n.①数字②人物③(pl.)算术 vt.①计算②认为","ˈfɪɡjər","ˈfɪɡə(r)","ˈfI?ə(r)"
"498","film","n.①影片②胶片③薄层 vt.拍摄电影","fɪlm","fɪlm","fIlm"
"499","find","vt.①发现②发觉","faɪnd","faɪnd","faInd"
"500","fine","a.①健康的②美好的③纤细的④精制的⑤晴朗的n.罚金,罚款 vt.处……以罚金","faɪn","faɪn","faIn"
"501","finish","v.完成,结束n.末尾","ˈfɪnɪʃ","ˈfɪnɪʃ","ˈfInIʃ"
"502","fire","n.①火②火灾③炉火④射击 vt.①射出(子弹等)②解雇 vi.开火","ˈfaɪər","ˈfaɪə(r)","ˈfaIə(r)"
"503","fireman","n.消防队员","ˈfaɪərmən","ˈfaɪəmən","ˈfaIəmən"
"504","fireplace","n.壁炉","ˈfaɪərpleɪs","ˈfaɪəpleɪs","ˈfaIəpleIs"
"505","firework","n.①烟火②(pl.)烟火表演","ˈfaɪərwɜːrk","ˈfaɪəwɜːk","ˈfaIəwɜːk"
"506","firm","a.①坚固的②稳固的③坚定的④(货币等)坚挺的v.(使)变得坚固 n.商行,公司","fɜːrm","fɜːm","fɜːm"
"507","first","ord.第一 a.①第一的②首要的 ad.①首先②第一次","fɜːrst","fɜːst","fɜːst"
"508","fish","n.①鱼②鱼肉vi.钓鱼","fɪʃ","fɪʃ","fIʃ"
"509","fist","n.拳,拳头","fɪst","fɪst","fIst"
"510","fit","vt.①使适合②合……的身③安装 vi.①符合,适应②合身 a.①适合的②健康的","fɪt","fɪt","fIt"
"511","five","num.五","faɪv","faɪv","faIv"
"512","fix","vt.①修理②使固定,安装③安排,确定④整理,收拾","fɪks","fɪks","fIks"
"513","flag","n.旗,旗帜","flæɡ","flæɡ","flæ?"
"514","flat","a.①平坦的②扁平的ad.平直地 n.一套房间,公寓","flæt","flæt","flæt"
"515","flavo(u)r","n.①味道②特色 vt.给……调味","ˈfleɪvər","ˈfleɪvə(r)","ˈfleIvə(r)"
"516","flesh","n.①(人或动物的)肉②果肉","fleʃ","fleʃ","fleʃ"
"517","float","v.(使)浮动","floʊt","fləʊt","fləʊt"
"518","flood","v.淹没 n.①洪水②大量","flʌd","flʌd","flʌd"
"519","floor","n.①地面,地板②楼层","flɔːr","flɔː(r)","flɔː(r)"
"520","flour","n.面粉","ˈflaʊər","ˈflaʊə(r)","ˈflaʊə(r)"
"521","flower","n.花,花朵vi.①开花②成熟,繁荣","ˈflaʊər","ˈflaʊə(r)","ˈflaʊə(r)"
"522","fly","vi.①飞行②飘扬vt.①空运②放(风筝等)n.苍蝇","flaɪ","flaɪ","flaI"
"523","fog","n.雾","fɑːɡ","fɒɡ","fɒ?"
"524","fold","v.折叠,叠平","foʊld","fəʊld","fəʊld"
"525","follow","v.①跟随②遵循,听从③理解","ˈfɑːloʊ","ˈfɒləʊ","ˈfɒləʊ"
"526","fond","a.①喜爱的②深情的","fɑːnd","fɒnd","fɒnd"
"527","food","n.食物,食品","fuːd","fuːd","fuːd"
"528","fool","n.蠢人,傻子 vt.欺骗","fuːl","fuːl","fuːl"
"529","football","n.足球(运动)","ˈfʊtbɔːl","ˈfʊtbɔːl","ˈfʊtbɔːl"
"530","for","prep.为,为了 conj.因为,由于","fɔːr; fər","fɔː(r); fə(r)","强fɔː(r),弱fə(r)"
"531","foreign","a.①外国的②涉外的","ˈfɔːrən","ˈfɒrən","ˈfɒrIn"
"532","forest","n.森林,林区","ˈfɔːrɪst","ˈfɒrɪst","ˈfɒrIst"
"533","forever","ad.①永远②长久地","fərˈevər","fərˈevə(r)","fərˈevə(r)"
"534","forget","v.忘记,遗忘","fərˈɡet","fəˈɡet","fəˈ?et"
"535","forgive","vt.原谅,宽恕","fərˈɡɪv","fəˈɡɪv","fəˈ?Iv"
"536","fork","n.①餐叉②叉状物","fɔːrk","fɔːk","fɔːk"
"537","forty","num.四十","ˈfɔːrti","ˈfɔːti","ˈfɔːti"
"538","fountain","n.人工喷泉","ˈfaʊnt(ə)n","ˈfaʊntən; ˈfaʊntɪn","ˈfaʊntən"
"539","four","num.四","fɔːr","fɔː(r)","fɔː(r)"
"540","fourteen","num.十四","ˌfɔːrˈtiːn","ˌfɔːˈtiːn","ˌfɔːˈtiːn"
"541","fox","n.①狐狸②狡猾的人","fɑːks","fɒks","fɒks"
"542","free","a.①自由的②免费的③空闲的 ad.①免费地②自由地 vt.使自由,解放","friː","friː","friː"
"543","freeze","v.(使)冻结,结冰 n.①冻结②冰冻期","friːz","friːz","friːz"
"544","fresh","a.①新的②新鲜的③清新的④精神饱满的⑤淡的","freʃ","freʃ","freʃ"
"545","Friday","n.星期五","ˈfraɪdeɪ","ˈfraɪdeɪ","ˈfraIdeI"
"546","friend","n.朋友,友人","frend","frend","frend"
"547","frog","n.蛙,青蛙","frɑːɡ","frɒɡ","frɒ?"
"548","from","prep.从……来","frʌm; frəm","frɒm; frəm","强frɒm,弱frəm"
"549","frost","n.①霜冻②霜v.(使)结霜","frɔːst","frɒst","frɒst"
"550","fry","vt.油煎,油炸,油炒","fraɪ","fraɪ","fraI"
"551","fuel","n.燃料 vt.给……提供燃料","ˈfjuːəl","ˈfjuːəl","ˈfjuːəl"
"552","fun","a.有趣的 n.①有趣的事,乐趣②嬉戏,玩笑","fʌn","fʌn","fʌn"
"553","function","n.①功能②典礼③函数 vi.起作用","ˈfʌŋkʃ(ə)n","ˈfʌŋkʃ(ə)n","ˈfʌ?kʃn"
"554","funeral","n.葬礼,丧礼","ˈfjuːnərəl","ˈfjuːnərəl","ˈfjuːnərəl"
"555","fur","n.①软毛②毛皮","fɜːr","fɜː(r)","fɜː(r)"
"556","future","n.①将来②前途","ˈfjuːtʃər","ˈfjuːtʃə(r)","ˈfjuːtʃə(r)"
"557","garage","n.①车库②汽车修理场","ɡəˈrɑːʒ","ˈɡærɑːʒ","ˈ?ær?ːʒ"
"558","garden","n.①(美)花园,菜园②(pl.)公园","ˈɡɑːrdn","ˈɡɑːd(ə)n","ˈ??ːdn"
"559","gas","n.①气体②煤气③(美)汽油④毒气","ɡæs","ɡæs","?æs"
"560","gate","n.①大门②入口","ɡeɪt","ɡeɪt","?eIt"
"561","general","a.①一般的②总的,普遍的③笼统的n.将军","ˈdʒen(ə)rəl","ˈdʒen(ə)rəl","ˈdʒenrəl"
"562","gentle","a.①和蔼的②轻柔的③不陡的","ˈdʒent(ə)l","ˈdʒent(ə)l","ˈdʒentl"
"563","gentleman","n.①绅士②先生","ˈdʒent(ə)lmən","ˈdʒentlmən","ˈdʒentlmən"
"564","geography","n.地理学","dʒiˈɑːɡrəfi","dʒiˈɒɡrəfi","dʒiˈɒ?rəfi"
"565","get","vt.①获得②收到③使得④(去)拿来⑤理解⑥感染","ɡet","ɡet","?et"
"566","ghost","n.鬼魂,幽灵","ɡoʊst","ɡəʊst","?əʊst"
"567","gift","n.①礼物②天赋","ɡɪft","ɡɪft","?Ift"
"568","girl","n.①女孩②女儿","ɡɜːrl","ɡɜːl","?ɜːl"
"569","give","v.①给予②供给③交给","ɡɪv","ɡɪv","?Iv"
"570","glad","a.①高兴的②乐意的","ɡlæd","ɡlæd","?læd"
"571","glass","n.①玻璃(器皿)②玻璃杯③(-es)眼镜","ɡlæs","ɡlɑːs","?l?ːs"
"572","glove","n.(有指)手套","ɡlʌv","ɡlʌv","?lʌv"
"573","glue","n.胶,胶水 vt.胶合,粘贴","ɡluː","ɡluː","?luː"
"574","goal","n.①目标②得分③球门","ɡoʊl","ɡəʊl","?əʊl"
"575","goat","n.山羊","ɡoʊt","ɡəʊt","?əʊt"
"576","god","n.①(G-)上帝②神③被崇拜的偶像","ɡɑːd","ɡɒd","?ɒd"
"577","gold","n.①金②黄金制品③金色","ɡoʊld","ɡəʊld","?əʊld"
"578","golf","n.高尔夫球运动","ɡɑːlf","ɡɒlf","?ɒlf"
"579","good","a.①好的②充分的③擅长的④好心的⑤有益的n.①善②好处","ɡʊd","ɡʊd","?ʊd"
"580","goodbye","int.再见,再会","ˌɡʊdˈbaɪ","ˌɡʊdˈbaɪ","?ʊdˈbaI"
"581","goodness","int.天哪n.善良,美德,好意","ˈɡʊdnəs","ˈɡʊdnəs","ˈ?ʊdnəs"
"582","goods","n.(pl.)商品","ɡʊdz","ɡʊdz","?ʊdz"
"583","goose","n.(pl.geese)鹅","ɡuːs","ɡuːs","?uːs"
"584","gradual","a.①逐渐的,逐步的②(坡)缓的","ˈɡrædʒuəl","ˈɡrædʒuəl","ˈ?rædʒuəl"
"585","graduate","v.[ˈrædʒuət]a./n. v.(使)毕业 a.研究生的n.①毕业生②大学毕业生","ˈɡrædʒuət; ˈgrædʒuˌeɪt","ˈɡrædʒuət; ˈɡrædʒuˌeɪt","ˈ?rædʒueIt"
"586","grain","n.①谷物②谷粒,颗粒③少量,微量","ɡreɪn","ɡreɪn","?reIn"
"587","gram(me)","(abbr.g/gm)n.克","ɡræm","ɡræm","?ræm"
"588","grammar","n.语法","ˈɡræmər","ˈɡræmə(r)","ˈ?ræmə(r)"
"589","grandchild","n.(外)孙子,(外)孙女","ˈɡræntʃaɪld","ˈɡræntʃaɪld","ˈ?ræntʃaIld"
"590","grandparent","n.(外)祖父,(外)祖母","ˈɡrænperənt","ˈɡrænpeərənt","ˈ?rænpeərənt"
"591","grape","n.葡萄","ɡreɪp","ɡreɪp","?reIp"
"592","graph","n.图表","ɡræf","ɡrɑːf","?r?ːf"
"593","grass","n.①草②草坪,牧场","ɡræs","ɡrɑːs","?r?ːs"
"594","great","a.①大的②伟大的","ɡreɪt","ɡreɪt","?reIt"
"595","greet","vt.①问候,招呼②对……做出反应","ɡriːt","ɡriːt","?riːt"
"596","grocer","n.①食品杂货商②(-s)杂货店","ˈɡroʊsər","ˈɡrəʊsə(r)","ˈ?rəʊsə(r)"
"597","ground","n.①地②(pl.)场地③范围④理由","ɡraʊnd","ɡraʊnd","?raʊnd"
"598","group","n.①组,群②团体③集团 v.①把……分组②(使)聚集","ɡruːp","ɡruːp","?ruːp"
"599","grow","vi.①生长②变得③增长 vt.种植","ɡroʊ","ɡrəʊ","?rəʊ"
"600","guard","n.①警卫员②警戒vt.守卫 vi.防止","ɡɑːrd","ɡɑːd","??ːd"
"601","guess","v./n.猜(测),推测","ɡes","ɡes","?es"
"602","guest","n.①客人②旅客③嘉宾","ɡest","ɡest","?est"
"603","guitar","n.吉他","ɡɪˈtɑːr","ɡɪˈtɑː(r)","?Iˈt?ː(r)"
"604","gun","n.枪,炮","ɡʌn","ɡʌn","?ʌn"
"605","gym","n.体育馆,健身房","dʒɪm","dʒɪm","dʒIm"
"606","hair","n.头发,毛发","her","heə(r)","heə(r)"
"607","half","n.一半","hæf","hɑːf","h?ːf"
"608","hall","n.①门厅②礼堂","hɔːl","hɔːl","hɔːl"
"609","ham","n.火腿","hæm","hæm","hæm"
"610","hamburger","n.汉堡包","ˈhæmbɜːrɡər","ˈhæmbɜːɡə(r)","ˈhæmbɜː?ə(r)"
"611","hammer","n.锤,榔头v.锤击,敲打","ˈhæmər","ˈhæmə(r)","ˈhæmə(r)"
"612","handsome","a.①英俊的②好看的③相当大的","ˈhænsəm","ˈhænsəm","ˈhænsəm"
"613","hang","v.①(hung,hung)悬挂,吊②(hanged,hanged)绞死","hæŋ","hæŋ","hæ?"
"614","happen","vi.①发生②碰巧","ˈhæpən","ˈhæpən","ˈhæpən"
"615","happy","a.①快乐的②满意的","ˈhæpi","ˈhæpi","ˈhæpi"
"616","hardly","ad.①几乎不②仅仅","ˈhɑːrdli","ˈhɑːdli","ˈh?ːdli"
"617","harm","vt./n.伤害,损害,危害","hɑːrm","hɑːm","h?ːm"
"618","harvest","n./vt.收获","ˈhɑːrvɪst","ˈhɑːvɪst","ˈh?ːvIst"
"619","hat","n.帽子","hæt","hæt","hæt"
"620","hate","vt.憎恨 n.厌恶","heɪt","heɪt","heIt"
"621","have","aux.v.[与过去分词连用构成完成时] vt.①有②进行③享受","hæv; həv","hæv; həv","强hæv;弱həv,əv"
"622","he","pron.他","hiː; hi","hiː; hi","hiː"
"623","head","n.①头②领导vt.主管 vi.朝……行进","hed","hed","hed"
"624","headache","n.①头痛②令人头痛的人(或事物)","ˈhedeɪk","ˈhedeɪk","ˈhedeIk"
"625","headmaster","n.校长","ˌhedˈmæstər","ˌhedˈmɑːstə(r)","ˌhedˈm?ːstə(r)"
"626","health","n.①健康(状况)②卫生","helθ","helθ","hel?"
"627","hear","vt.①听见②听说③审理 vi.听说","hɪr","hɪə(r)","hIə(r)"
"628","heart","n.①心②内心③中心④心形物⑤核心","hɑːrt","hɑːt","h?ːt"
"629","heat","n.①热②温度③激动v.加热","hiːt","hiːt","hiːt"
"630","heavy","a.①重的②大量的③严重的④繁重的⑤沉重的","ˈhevi","ˈhevi","ˈhevi"
"631","heel","n.①脚后跟,踵②(鞋、袜等的)后跟","hiːl","hiːl","hiːl"
"632","height","n.①高度②高③高地④最佳点","haɪt","haɪt","haIt"
"633","hello","int.喂 n.问候,招呼","həˈloʊ","həˈləʊ","həˈləʊ"
"634","help","vt.①帮助②有助于vi.①帮助②救命 n.①帮助,援助②帮手,佣人","help","help","help"
"635","hen","n.①母鸡②雌禽","hen","hen","hen"
"636","her","pron.她 a.她的","hɜːr; hər","hɜː(r); hə(r)","hɜː(r)"
"637","here","ad.①在这里,向这里,到这里②这时③在这一点上","hɪr","hɪə(r)","hIə(r)"
"638","hero","n.①英雄②男主角","ˈhɪroʊ","ˈhɪərəʊ","ˈhIərəʊ"
"639","hers","pron.她的","hɜːrz","hɜːz","hɜːz"
"640","herself","pron.①她自己②她亲自","hɜːrˈself","hɜːˈself","强hɜːˈself,弱həˈself"
"641","hi","int.嗨,喂","haɪ","haɪ","haI"
"642","hide","vt.①躲藏②隐瞒 vi.躲藏 n.隐藏处","haɪd","haɪd","haId"
"643","high","a.①高的②高级的③高尚的④高兴的⑤(时间等)正盛的 ad.高","haɪ","haɪ","haI"
"644","highway","n.公路,交通要道","ˈhaɪweɪ","ˈhaɪweɪ","ˈhaIweI"
"645","hill","n.小山,山丘","hɪl","hɪl","hIl"
"646","him","pron.他","hɪm; ɪm","hɪm","hIm"
"647","himself","pron.①他自己②他亲自","hɪmˈself","hɪmˈself","hImˈself"
"648","his","a.他的","hɪz; ɪz","hɪz; ɪz","hIz"
"649","hit","v.①打②碰撞 n.一击","hɪt","hɪt","hIt"
"650","hobby","n.业余爱好","ˈhɑːbi","ˈhɒbi","ˈhɒbi"
"651","hole","n.①洞,孔眼②漏洞,缺陷","hoʊl","həʊl","həʊl"
"652","holiday","n.①假期②假日,节日","ˈhɑːlədeɪ","ˈhɒlədeɪ","ˈhɒlədeI"
"653","home","n.①家②家乡③原产地 a.①家庭的②家乡的ad.①回家②在本国","hoʊm","həʊm","həʊm"
"654","homeland","n.祖国","ˈhoʊmlænd","ˈhəʊmlænd","ˈhəʊmlænd"
"655","homework","n.家庭作业","ˈhoʊmwɜːrk","ˈhəʊmwɜːk","ˈhəʊmwɜːk"
"656","honest","a.①诚实的②坦诚的","ˈɑːnɪst","ˈɒnɪst","ˈɒnIst"
"657","hope","v./n.希望,期望","hoʊp","həʊp","həʊp"
"658","hospital","n.医院","ˈhɑːspɪt(ə)l","ˈhɒspɪt(ə)l","ˈhɒspItl"
"659","host","n.①主人,东道主②节目主持人③(of)许多","hoʊst","həʊst","həʊst"
"660","hot","a.①热的②辣的③棘手的,争议大的④激烈的⑤热衷的⑥热门的","hɑːt","hɒt","hɒt"
"661","hotdog","n.热狗","ˈhɒtˌdɒɡ","ˈhɒtˌdɒɡ","ˈhɒtdɒ?"
"662","hotel","n.旅馆,宾馆","hoʊˈtel","həʊˈtel","həʊˈtel"
"663","hour","n.①小时②时间","ˈaʊər","ˈaʊə(r)","ˈaʊə(r)"
"664","housewife","n.家庭主妇","ˈhaʊswaɪf","ˈhaʊswaɪf","ˈhaʊswaIf"
"665","housework","n.家务活","ˈhaʊswɜːrk","ˈhaʊswɜːk","ˈhaʊswɜːk"
"666","how","ad.①怎么②多么","haʊ","haʊ","haʊ"
"667","however","ad.①然而②无论如何","haʊˈevər","haʊˈevə(r)","haʊˈevə(r)"
"668","hug","v./n.拥抱","hʌɡ","hʌɡ","hʌ?"
"669","hundred","num.一百","ˈhʌndrəd","ˈhʌndrəd","ˈhʌndrəd"
"670","hunger","n.①饿②渴望 vi.渴望","ˈhʌŋɡər","ˈhʌŋɡə(r)","ˈhʌ??ə(r)"
"671","hunt","v./n.①打猎②搜寻","hʌnt","hʌnt","hʌnt"
"672","hurry","vi.匆忙 vt.催促n.急忙","ˈhɜːri","ˈhʌri","ˈhʌri"
"673","hurt","vt.①使受伤②伤……的感情 vi.痛 n.伤害","hɜːrt","hɜːt","hɜːt"
"674","husband","n.丈夫","ˈhʌzbənd","ˈhʌzbənd","ˈhʌzbənd"
"675","I","pron.我","aɪ","aɪ","aI"
"676","ice","n.①冰②(sing.)溜冰场","aɪs","aɪs","aIs"
"677","ice-cream","n.冰激凌","ˈaɪs kriːm","ˈaɪs kriːm","ˌaIsˈkriːm"
"678","if","conj.①如果②是否③即使④无论何时","ɪf","ɪf","If"
"679","ill","a.①有病的②不好的 ad.恶劣地","ɪl","ɪl","Il"
"680","important","a.①重要的②权威的","ɪmˈpɔːrt(ə)nt","ɪmˈpɔːt(ə)nt","Imˈpɔːtnt"
"681","impossible","a.不可能的","ɪmˈpɑːsəb(ə)l","ɪmˈpɒsəb(ə)l","Imˈpɒsəbl"
"682","inch","n.①英寸②少量③短距离 v.(使)缓慢移动","ɪntʃ","ɪntʃ","Intʃ"
"683","indeed","ad.①真正地,当然②确实,实在","ɪnˈdiːd","ɪnˈdiːd","Inˈdiːd"
"684","indoor","a.(在)室内的","ˈɪndɔːr","ˈɪndɔː(r)","ˈIndɔː(r)"
"685","injure","vt.伤害,损害","ˈɪndʒər","ˈɪndʒə(r)","ˈIndʒə(r)"
"686","ink","n.墨水,油墨","ɪŋk","ɪŋk","I?k"
"687","inn","n.小旅馆,客栈,小酒馆","ɪn","ɪn","In"
"688","inside","prep.①在……里,在……内②少于 ad.在里面","ˌɪnˈsaɪd","ˌɪnˈsaɪd","ˌInˈsaId"
"689","instead","ad.①替代②反而,却","ɪnˈsted","ɪnˈsted","Inˈsted"
"690","interest","n.①兴趣②利息③利益 vt.使感兴趣","ˈɪntrəst","ˈɪntrəst","ˈIntrəst"
"691","international","a.国际的","ˌɪntərˈnæʃ(ə)nəl","ˌɪntəˈnæʃ(ə)nəl","ˌIntəˈnæʃnəl"
"692","Internet","n.(the~)(国际)互联网","ˈɪntərnet","ˈɪntənet","ˈIntənet"
"693","interview","vt./n.①采访②面谈","ˈɪntərvjuː","ˈɪntəvjuː","ˈIntəvjuː"
"694","into","prep.①进入②成为③朝","ˈɪntuː","ˈɪntuː","强ˈIntuː;弱ˈIntu,ˈIntə"
"695","invent","vt.①发明②捏造","ɪnˈvent","ɪnˈvent","Inˈvent"
"696","invite","vt.①邀请②要求","ɪnˈvaɪt","ɪnˈvaɪt","InˈvaIt"
"697","iron","n.①铁②熨斗vt.(用熨斗)熨平","ˈaɪərn","ˈaɪən","ˈaIən"
"698","it","pron.它","ɪt","ɪt","It"
"699","its","a.它的","ɪts","ɪts","Its"
"700","itself","pron.①它自己②自身","ɪtˈself","ɪtˈself","Itˈself"
"701","jacket","n.短上衣,夹克衫","ˈdʒækɪt","ˈdʒækɪt","ˈdʒækIt"
"702","jam","n.①果酱②拥挤③卡住 v.①挤进②(使)卡住","dʒæm","dʒæm","dʒæm"
"703","January","n.一月","ˈdʒænjueri","ˈdʒænjuəri","ˈdʒænjuəri"
"704","jar","n.①罐子②广口瓶","dʒɑːr","dʒɑː(r)","dʒ?ː(r)"
"705","jaw","n.下巴","dʒɔː","dʒɔː","dʒɔː"
"706","jazz","n.爵士乐","dʒæz","dʒæz","dʒæz"
"707","jeans","n.(pl.)牛仔裤","dʒiːnz","dʒiːnz","dʒiːnz"
"708","jeep","n.吉普车","dʒiːp","dʒiːp","dʒiːp"
"709","job","n.①职业,职位②(一件)工作③(常sing.)职责","dʒɑːb","dʒɒb","dʒɒb"
"710","jog","v./n.①慢跑②(偶然)轻碰","dʒɑːɡ","dʒɒɡ","dʒɒ?"
"711","join","v.①参加②连接","dʒɔɪn","dʒɔɪn","dʒɔIn"
"712","joke","n.①笑话,玩笑②(sing.)荒唐可笑的人(或事物)vi.说笑话","dʒoʊk","dʒəʊk","dʒəʊk"
"713","journey","n.(长途)旅行vi.旅行","ˈdʒɜːrni","ˈdʒɜːni","ˈdʒɜːni"
"714","joy","n.①欢欣②乐事","dʒɔɪ","dʒɔɪ","dʒɔI"
"715","judge","n.①法官②裁判员③鉴定人 v.①断定②裁决③审判","dʒʌdʒ","dʒʌdʒ","dʒʌdʒ"
"716","juice","n.果汁,菜汁","dʒuːs","dʒuːs","dʒuːs"
"717","July","n.七月","dʒʊˈlaɪ","dʒʊˈlaɪ","dʒuˈlaI"
"718","jump","v.①跳跃②越过③猛涨 n.①跳②猛涨","dʒʌmp","dʒʌmp","dʒʌmp"
"719","June","n.六月","dʒuːn","dʒuːn","dʒuːn"
"720","keep","vt.①使保持②阻止③履行④保存","kiːp","kiːp","kiːp"
"721","key","n.①钥匙②关键③键④答案 a.主要的 vt.(用键盘)键入","kiː","kiː","kiː"
"722","kick","v./n.踢","kɪk","kɪk","kIk"
"723","kid","n.小孩 v.①戏弄②欺骗","kɪd","kɪd","kId"
"724","kill","vt.①杀死②扼杀③使痛苦④消磨 n.杀死","kɪl","kɪl","kIl"
"725","kilogram(me)","n.千克,公斤","ˈkɪləɡræm","ˈkɪləɡræm","ˈkIlə?ræm"
"726","kind","n.种类","kaɪnd","kaɪnd","kaInd"
"727","kindergarten","n.幼儿园","ˈkɪndərɡɑːrt(ə)n","ˈkɪndəɡɑːt(ə)n","ˈkIndə??ːtn"
"728","king","n.君主,国王","kɪŋ","kɪŋ","kI?"
"729","kingdom","n.①王国②领域,界","ˈkɪŋdəm","ˈkɪŋdəm","ˈkI?dəm"
"730","kiss","v./n.吻","kɪs","kɪs","kIs"
"731","kitchen","n.厨房","ˈkɪtʃɪn","ˈkɪtʃɪn","ˈkItʃIn"
"732","kite","n.①风筝②鸢","kaɪt","kaɪt","kaIt"
"733","knee","n.膝,膝盖","niː","niː","niː"
"734","knife","n.刀 vt.用刀伤害","naɪf","naɪf","naIf"
"735","knock","v./n.①敲,打②碰撞","nɑːk","nɒk","nɒk"
"736","labo(u)r","n.①(体力)劳动②劳工 vi.①努力做②费力地前行","ˈleɪbər","ˈleɪbə(r)","ˈleIbə(r)"
"737","lack","v./n.缺乏,不足","læk","læk","læk"
"738","ladder","n.①梯子②(常sing.)阶梯","ˈlædər","ˈlædə(r)","ˈlædə(r)"
"739","lady","n.女士","ˈleɪdi","ˈleɪdi","ˈleIdi"
"740","lake","n.湖,湖泊","leɪk","leɪk","leIk"
"741","lamb","n.①羔羊②羔羊肉","læm","læm","læm"
"742","lamp","n.灯","læmp","læmp","læmp"
"743","language","n.语言","ˈlæŋɡwɪdʒ","ˈlæŋɡwɪdʒ","ˈlæ??wIdʒ"
"744","lap","n.①(常sing.)大腿部②一圈③一段 v.①拍打②舔,舔食","læp","læp","læp"
"745","last","a.①最后的②最近的③最终的 ad.①最后②最新v.①持续②支撑","læst","lɑːst","l?ːst"
"746","late","a.①迟的②晚期的③近深夜的④[作定语](人)已故的 ad.迟,晚","leɪt","leɪt","leIt"
"747","lately","ad.最近,不久前","ˈleɪtli","ˈleɪtli","ˈleItli"
"748","latter","a.后者的n.后者","ˈlætər","ˈlætə(r)","ˈlætə(r)"
"749","laugh","vi.笑 n.①笑②(sing.)笑料","læf","lɑːf","l?ːf"
"750","lawyer","n.律师","ˈlɔɪər","ˈlɔɪə(r)","ˈlɔːjə(r)"
"751","lazy","a.①懒惰的②无精打采的","ˈleɪzi","ˈleɪzi","ˈleIzi"
"752","leaf","n.①叶,叶子②(书刊的)张,页","liːf","liːf","liːf"
"753","league","n.①同盟,联盟②联赛","liːɡ","liːɡ","liː?"
"754","learn","vi.①学②获悉vt.①学会②得知","lɜːrn","lɜːn","lɜːn"
"755","least","a.最小的 ad.最少","liːst","liːst","liːst"
"756","leather","n.①皮革②(pl.)皮衣","ˈleðər","ˈleðə(r)","ˈleðə(r)"
"757","leave","vi.离去 vt.①离开②留下③听任","liːv","liːv","liːv"
"758","lecture","v./n.①(做)演讲,讲课②教训,训斥","ˈlektʃər","ˈlektʃə(r)","ˈlektʃə(r)"
"759","left","a.左边的 ad.在左边n.左边","left","left","left"
"760","leg","n.腿,腿部","leɡ","leɡ","le?"
"761","lemon","n.①柠檬②柠檬饮料③浅黄色","ˈlemən","ˈlemən","ˈlemən"
"762","lend","vt.①把……借给②提供","lend","lend","lend"
"763","less","a./ad.更少的(地),更小的(地)","les","les","les"
"764","lesson","n.①功课,课②一课时,一节课③教训,经验","ˈles(ə)n","ˈles(ə)n","ˈlesn"
"765","let","vt.①允许,让②假设③出租","let","let","let"
"766","level","n.①程度②水平","ˈlev(ə)l","ˈlev(ə)l","ˈlevl"
"767","library","n.①图书馆②资料室","ˈlaɪbreri","ˈlaɪbrəri","ˈlaIbrəri"
"768","license/-nce","n.许可证,执照 vt.许可","ˈlaɪs(ə)ns","ˈlaɪs(ə)ns","ˈlaIsns"
"769","lie","vi.(lay,lain)①躺②平放vi./n.(lied,lied)说谎,撒谎","laɪ","laɪ","laI"
"770","life","n.①生命②一生③生活④生物","laɪf","laɪf","laIf"
"771","like","v.①喜欢②想要,希望 conj.好像,仿佛 a.相像的","laɪk","laɪk","laIk"
"772","lily","n.百合花","ˈlɪli","ˈlɪli","ˈlIli"
"773","link","v./n.连接,联系","lɪŋk","lɪŋk","lI?k"
"774","lion","n.狮子","ˈlaɪən","ˈlaɪən","ˈlaIən"
"775","lip","n.①嘴唇②(容器的)边,边沿","lɪp","lɪp","lIp"
"776","list","n.目录 vt.把……列表","lɪst","lɪst","lIst"
"777","listen","vi.①听②听信","ˈlɪs(ə)n","ˈlɪs(ə)n","ˈlIsn"
"778","litter","n.①废弃物,垃圾②一窝幼崽③杂乱的东西","ˈlɪtər","ˈlɪtə(r)","ˈlItə(r)"
"779","little","a.①小的②年幼的③短的④少量的 ad.①不多②少量 pron.很少","ˈlɪt(ə)l","ˈlɪt(ə)l","ˈlItl"
"780","live","v.[laIv]a. vi.①居住②活③(回忆等)留存 a.①活的②现场直播的","lɪv; laɪv","lɪv; laɪv","lIv"
"781","lively","a.精力充沛的","ˈlaɪvli","ˈlaɪvli","ˈlaIvli"
"782","livingroom","n.起居室,客厅","","","ˈlIvI?ruːm,ˈlIvI?rʊm"
"783","loaf","n.一条(面包)","loʊf","ləʊf","ləʊf"
"784","local","a.当地的,本地的","ˈloʊk(ə)l","ˈləʊk(ə)l","ˈləʊkl"
"785","lock","n.①锁②车锁v.①(被)锁上②卡住","lɑːk","lɒk","lɒk"
"786","lonely","a.①孤独的②荒凉的","ˈloʊnli","ˈləʊnli","ˈləʊnli"
"787","long","a.①长的②长时间的ad.长久 vi.渴望","lɔːŋ","lɒŋ","lɒ?"
"788","look","v./n.看 n.①脸色②容貌","lʊk","lʊk","lʊk"
"789","lorry","n.运货汽车,卡车","ˈlɔːri","ˈlɒri","ˈlɒri"
"790","lose","v.①遗失②损失③降低④输","luːz","luːz","luːz"
"791","lot","pron.大量,很多 n.①全部②组③(sing.)命运④一块地","lɑːt","lɒt","lɒt"
"792","loud","a.①响亮的②吵闹的ad.响亮地","laʊd","laʊd","laʊd"
"793","luck","n.①好运②机遇,运气","lʌk","lʌk","lʌk"
"794","luggage","n.行李","ˈlʌɡɪdʒ","ˈlʌɡɪdʒ","ˈlʌ?Idʒ"
"795","lunch","n.午餐,午饭","lʌntʃ","lʌntʃ","lʌntʃ"
"796","lung","n.肺","lʌŋ","lʌŋ","lʌ?"
"797","mad","a.①疯的②生气的③狂热的④愚蠢的","mæd","mæd","mæd"
"798","magazine","n.①杂志②弹药库","ˈmæɡəziːn","ˌmæɡəˈziːn","ˌmæ?əˈziːn"
"799","magic","n.①魔法②魔力③魔术","ˈmædʒɪk","ˈmædʒɪk","ˈmædʒIk"
"800","mail","n.①邮政(系统)②邮件 vt.邮寄","meɪl","meɪl","meIl"
"801","major","a.较大的n.①少校②专业③专业学生 vi.主修","ˈmeɪdʒər","ˈmeɪdʒə(r)","ˈmeIdʒə(r)"
"802","make","vt.①做,制造②做出③使④获得⑤总计⑥成为⑦到达","meɪk","meɪk","meIk"
"803","male","a./n.男性(的)","meɪl","meɪl","meIl"
"804","mall","n.购物中心,商场","mɔːl","mɔːl; mæl","mɔːl"
"805","man","n.①男人②人③人类","mæn","mæn","mæn"
"806","many","a.许多的pron.许多","ˈmeni","ˈmeni","ˈmeni"
"807","map","n.地图 vt.在地图上标示出","mæp","mæp","mæp"
"808","march","v./n.①行军,前进②游行示威","mɑːrtʃ","mɑːtʃ","m?ːtʃ"
"809","March","n.三月","ˈmɑːrkɪt","ˈmɑːkɪt","m?ːtʃ"
"810","market","n.市场","ˈmæri","ˈmæri","ˈm?ːkIt"
"811","marry","vt.①和……结婚②为……操办婚礼 vi.结婚","mæsk","mɑːsk","ˈmæri"
"812","mask","n.①面具②伪装③面膜 vt.掩饰","mæt","mæt","m?ːsk"
"813","mat","n.席子,垫子","mætʃ","mætʃ","mæt"
"814","match","n.①比赛②(sing.)对手③相配的人(或事物)④火柴 vt.和……相配 vi.相配,相适合","məˈtɪriəl","məˈtɪəriəl","mætʃ"
"815","material","n.①材料,原料②素材,资料","mæθ","mæθ","məˈtIəriəl"
"816","math","n.(美)数学","ˈmætər","ˈmætə(r)","mæ?"
"817","matter","n.①事情②(pl.)事态③物质④(the~)麻烦事 vi.要紧","meɪ","meɪ","ˈmætə(r)"
"818","may","modalv.①可能②可以③祝","ˈmeɪbi","ˈmeɪbi","meI"
"819","May","n.五月","miː; mi","miː; mi","meI"
"820","maybe","ad.或许,大概","miːl","miːl","ˈmeIbi"
"821","me","pron.我","miːn","miːn","强miː,弱mi"
"822","meal","n.一顿饭","miːnz","miːnz","miːl"
"823","mean","vt.①表示……的意思②意欲,打算③意指 a.①吝啬的②卑鄙的③平均的 n.平均值","ˈmiːnwaɪl","ˈmiːnwaɪl","miːn"
"824","means","n.①方法②金钱","miːt","miːt","miːnz"
"825","meanwhile","ad.①与此同时②在此期间","ˈmed(ə)l","ˈmed(ə)l","ˈmiːnwaIl"
"826","meat","n.肉","ˈmedɪk(ə)l","ˈmedɪk(ə)l","miːt"
"827","medal","n.奖牌,奖章,勋章","ˈmedɪker","ˈmedɪkeə(r)","ˈmedl"
"828","medical","a.医学的,医疗的","ˈmedɪs(ə)n","ˈmedsn; ˈmedɪsn","ˈmedIkl"
"829","Medicare","n.(由美国政府设立的)老年人医疗保健制度","miːt","miːt","ˈmedIkeə(r)"
"830","medicine","n.①药②医学","ˈmiːtɪŋ","ˈmiːtɪŋ","ˈmedsn"
"831","meet","vt.①遇见②(迎)接③和……见面④满足","ˈmelən","ˈmelən","miːt"
"832","meeting","n.会议","ˈmembər","ˈmembə(r)","ˈmiːtI?"
"833","melon","n.瓜,甜瓜","ˈmeməri","ˈmeməri","ˈmelən"
"834","member","n.成员,会员","mend","mend","ˈmembə(r)"
"835","memory","n.①记忆(力)②回忆③存储器,内存","ˈmenʃ(ə)n","ˈmenʃ(ə)n","ˈmeməri"
"836","mend","vt.①修理②缝补","ˈmenjuː","ˈmenjuː","mend"
"837","mention","vt./n.提到","ˈmɜːrtʃənt","ˈmɜːtʃənt","ˈmenʃn"
"838","menu","n.菜单","ˈmeri","ˈmeri","ˈmenjuː"
"839","merchant","n.商人","ˈmesɪdʒ","ˈmesɪdʒ","ˈmɜːtʃənt"
"840","merry","a.愉快的,高兴的","ˈmet(ə)l","ˈmet(ə)l","ˈmeri"
"841","message","n.①信息②要旨,寓意","ˈmeθəd","ˈmeθəd","ˈmesIdʒ"
"842","metal","n.金属","ˈmɪdnaɪt","ˈmɪdnaɪt","ˈmetl"
"843","method","n.①方法②秩序","maɪt","maɪt","ˈme?əd"
"844","midnight","n.午夜","maɪld","maɪld","ˈmIdnaIt"
"845","might","modalv.①[may的过去式]②(表示可能性)可能 n.强大力量","maɪl","maɪl","maIt"
"846","mild","a.①温和的②轻微的","mɪlk","mɪlk","maIld"
"847","mile","n.英里","ˈmɪljən","ˈmɪljən","maIl"
"848","milk","n.牛奶","maɪn","maɪn","mIlk"
"849","million","num.一百万","ˈmɪnɪt","ˈmɪnɪt","ˈmIljən"
"850","mine","pron.我的 n.矿v.开矿","ˈmɪrər","ˈmɪrə(r)","maIn"
"851","minute","n.[maIˈnjuːt]a. n.①分②(sing.)一会儿③(sing.)时刻④(pl.)会议记录 a.微小的","mɪs","mɪs","ˈmInIt"
"852","mirror","n.镜子vt.①反映②反射","ˈmɪsɪŋ","ˈmɪsɪŋ","ˈmIrə(r)"
"853","miss","n.(M-)小姐vt.①未击中②未见到③怀念","mɪˈsteɪk","mɪˈsteɪk","mIs"
"854","missing","a.①缺掉的②(人)失踪的","ˈmɪstər","ˈmɪstə(r)","ˈmIsI?"
"855","mistake","vt.误解n.错误","ˈmɪstrəs","ˈmɪstrəs","mIˈsteIk"
"856","Mister","n.先生","mɪks","mɪks","ˈmIstə(r)"
"857","mistress","n.①情妇②主妇","mɑːm","mɒm","ˈmIstrəs"
"858","mix","vt.使混合vi.①相混合②交往","ˈmoʊmənt","ˈməʊmənt","mIks"
"859","mom","n.妈妈","ˈmʌndeɪ; ˈmʌndi","ˈmʌndeɪ; ˈmʌndi","mɒm"
"860","moment","n.①片刻②机会","ˈmʌni","ˈmʌni","ˈməʊmənt"
"861","Monday","n.星期一","ˈmɑːnɪtər","ˈmɒnɪtə(r)","ˈmʌndeI"
"862","money","n.钱,钱币","ˈmʌŋki","ˈmʌŋki","ˈmʌni"
"863","monitor","v.①监视②监听 n.监控器","mʌnθ","mʌnθ","ˈmɒnItə(r)"
"864","monkey","n.①猴子②捣蛋鬼","mɑːp","mɒp","ˈmʌ?ki"
"865","month","n.月,月份","ˈmɔːrnɪŋ","ˈmɔːnɪŋ","mʌn?"
"866","mop","n.拖把 vt.拖,擦","ˈmʌðər","ˈmʌðə(r)","mɒp"
"867","morning","n.早晨,上午","maʊs","maʊs","ˈmɔːnI?"
"868","mother","n.母亲","maʊθ","maʊθ","ˈmʌðə(r)"
"869","mouse","n.①(pl.mice)老鼠②(pl.mice/mouses)鼠标","ˈmuːvi","ˈmuːvi","maʊs"
"870","mouth","n.①嘴,口②需要供养的人","mʌtʃ","mʌtʃ","maʊ?"
"871","movie","n.电影","mʌd","mʌd","ˈmuːvi"
"872","much","(more,most)ad.非常 a./pron.许多(的)","ˈmɜːrdər","ˈmɜːdə(r)","mʌtʃ"
"873","mud","n.泥,泥浆","mjuˈziːəm","mjuˈziːəm","mʌd"
"874","murder","vt./n.谋杀,凶杀","ˈmjuːzɪk","ˈmjuːzɪk","ˈmɜːdə(r)"
"875","museum","n.博物馆","mʌst; məst","mʌst; məst","mjuˈziːəm"
"876","music","n.音乐,乐曲","maɪ","maɪ","ˈmjuːzIk"
"877","must","modalv.①必须②一定","maɪˈself","maɪˈself","mʌst"
"878","my","a.我的","neɪl","neɪl","maI"
"879","myself","pron.①我自己②我亲自","ˈnæroʊ","ˈnærəʊ","maIˈself"
"880","nail","n.①钉子②指甲","ˈneɪʃ(ə)n","ˈneɪʃ(ə)n","neIl"
"881","narrow","a.①狭窄的②勉强的 v.(使)变窄","ˈneɪtʃər","ˈneɪtʃə(r)","ˈnærəʊ"
"882","nation","n.①国家②民族","nɪr","nɪə(r)","ˈneIʃn"
"883","nature","n.①自然界②天性","ˌnɪrˈbaɪ","ˌnɪəˈbaɪ","ˈneItʃə(r)"
"884","near","a.近的 ad.近 prep.接近","niːt","niːt","nIə(r)"
"885","nearby","a.附近的ad.在附近","nek","nek","ˌnIəˈbaI"
"886","neat","a.①(爱)整洁的②简洁的③纯的","ˈnekləs","ˈnekləs","niːt"
"887","neck","n.①颈,脖子②(衣服的)领口","niːd","niːd","nek"
"888","necklace","n.项链","ˈniːd(ə)l","ˈniːd(ə)l","ˈnekləs"
"889","need","vt.①需要②缺少modalv.需要","ˈniːðər","ˈnaɪðə(r)","niːd"
"890","needle","n.针,针状物","ˈnefjuː","ˈnefjuː","ˈniːdl"
"891","neither","pron.(两者之中)无一个 conj./ad.也不a.两者皆非的","nest","nest","ˈnaIðə(r)"
"892","nephew","n.侄子,外甥","net","net","ˈnefjuː"
"893","nest","n.巢,窝 vi.筑巢","ˈnevər","ˈnevə(r)","nest"
"894","net","n.网,网状物 vt.净得,净赚 a.净的,纯的","nuːz","njuːz","net"
"895","never","ad.从不,绝不","ˈnuːzpeɪpər","ˈnjuːzpeɪpə(r)","ˈnevə(r)"
"896","news","n.新闻,消息","nekst","nekst","njuːz"
"897","newspaper","n.报纸","naɪs","naɪs","ˈnjuːzpeIpə(r)"
"898","next","a.①紧接在后的②下一个的 ad.①接下去②居后","niːs","niːs","nekst"
"899","nice","a.令人愉快的","naɪt","naɪt","naIs"
"900","niece","n.侄女,外甥女","naɪn","naɪn","niːs"
"901","night","n.夜,夜晚","ˌnaɪnˈtiːn","ˌnaɪnˈtiːn","naIt"
"902","nine","num.九","ˈnaɪnti","ˈnaɪnti","naIn"
"903","nineteen","num.十九","naɪnθ","naɪnθ","ˌnaInˈtiːn"
"904","ninety","num.九十","noʊ","nəʊ","ˈnaInti"
"905","ninth","ord.第九 n.九分之一","ˈnoʊb(ə)l","ˈnəʊb(ə)l","naIn?"
"906","no","ad.不 a.①没有的②不许的","ˈnoʊbɑːdi","ˈnəʊbədi","nəʊ"
"907","noble","a.①高尚的②高贵的 n.贵族","nɑːd","nɒd","ˈnəʊbl"
"908","nobody","pron.没有人 n.无足轻重的人","nɔɪz","nɔɪz","ˈnəʊbədi"
"909","nod","vt./n.点头","nʌn","nʌn","nɒd"
"910","noise","n.①声音②喧哗声","ˈnuːd(ə)l","ˈnuːd(ə)l","nɔIz"
"911","none","pron.没有一个,没有一点儿 ad.一点都不","nuːn","nuːn","nʌn"
"912","noodle","n.(常pl.)面条","nɔːr","nɔː(r)","ˈnuːdl"
"913","noon","n.中午,正午","nɔːrθ","nɔːθ","nuːn"
"914","nor","conj./ad.也不,也没有","ˌnɔːrθˈiːst","ˌnɔːθˈiːst","nɔː(r)"
"915","north","n.北,北方,北部","ˌnɔːrθˈwest","ˌnɔːθˈwest","nɔː?"
"916","northeast","n.东北方","noʊz","nəʊz","ˌnɔː?ˈiːst"
"917","northwest","n.西北方","nɑːt","nɒt","ˌnɔː?ˈwest"
"918","nose","n.①鼻子②鼻状物","noʊt","nəʊt","nəʊz"
"919","not","ad.不,没,不是","ˈnoʊtbʊk","ˈnəʊtbʊk","nɒt"
"920","note","n.①便条②记录③注解 vt.①注意②记录","ˈnʌθɪŋ","ˈnʌθɪŋ","nəʊt"
"921","notebook","n.①笔记本②笔记本电脑","ˈnɑːv(ə)l","ˈnɒv(ə)l","ˈnəʊtbʊk"
"922","nothing","pron.没有什么n.无关紧要的事物","noʊˈvembər","nəʊˈvembə(r)","ˈnʌ?I?"
"923","novel","a.新颖的 n.(长篇)小说","naʊ","naʊ","ˈnɒvl"
"924","November","n.十一月","ˈnaʊədeɪz","ˈnaʊədeɪz","nəʊˈvembə(r)"
"925","now","ad.①现在②这时候③现在就,马上","ˈnoʊwer","ˈnəʊweə(r)","naʊ"
"926","nowadays","ad.现今","nɜːrs","nɜːs","ˈnaʊədeIz"
"927","nowhere","ad.无处","nʌt","nʌt","ˈnəʊweə(r)"
"928","nurse","n.护士 vt.护理","ˈoʊʃ(ə)n","ˈəʊʃ(ə)n","nɜːs"
"929","nut","n.①坚果②螺母,螺帽","əˈklɑːk","əˈklɒk","nʌt"
"930","ocean","n.洋,海洋","ɑːkˈtoʊbər","ɒkˈtəʊbə(r)","ˈəʊʃn"
"931","o'clock","ad.(表示整点)……点钟","ʌv; əv","ɒv; əv","əˈklɒk"
"932","October","n.十月","ˈɑːfɪsər","ˈɒfɪsə(r)","ɒkˈtəʊbə(r)"
"933","of","prep.①属于,关于②由……组成","əˈfɪʃ(ə)l","əˈfɪʃ(ə)l","强ɒv,弱əv"
"934","officer","n.①军官,警官②官员","ˈɔːf(ə)n","ˈɒf(ə)n","ˈɒfIsə(r)"
"935","official","n.官员 a.①公务的②官方的","ɔɪl","ɔɪl","əˈfIʃl"
"936","often","ad.经常,通常","oʊ ˈkeɪ","əʊˈkeɪ","ˈɒfn,ˈɒftən"
"937","oil","n.①油②油画vt.给……加润滑油","əˈlɪmpɪk","əˈlɪmpɪk","ɔIl"
"938","OK/okay","int.对","ɑːn","ɒn","əʊˈkeI"
"939","Olympic","a.奥林匹克运动会的 n.(-s)奥林匹克运动会","wʌns","wʌns","əˈlImpIk"
"940","on","prep.①在……上②向,对③靠近④关于","wʌn","wʌn","ɒn"
"941","once","ad.①一次②曾经conj.一旦","wʌnˈself","wʌnˈself","wʌns"
"942","one","num.一 pron.一人,一个","ˈoʊnli","ˈəʊnli","wʌn"
"943","oneself","pron.①自己②亲自","ˈɑːntə","ˈɒntə","wʌnˈself"
"944","only","ad.①只②不料a.①唯一的②最好的,最适当的conj.可是","ˈoʊpən","ˈəʊpən","ˈəʊnli"
"945","onto","prep.朝,朝向","ˈɑːprə","ˈɒprə","ˈɒntə"
"946","open","a.①开着的②营业的③直率的④未决定的v.①开②开始","əˈpɪnjən","əˈpɪnjən","ˈəʊpən"
"947","opera","n.①歌剧②歌剧团,歌剧院","ɔːr","ɔː(r)","ˈɒprə"
"948","opinion","n.意见,看法","ˈɔːrɪndʒ","ˈɒrɪndʒ","əˈpInjən"
"949","or","conj.①或者②即③否则","ˈɔːrd(ə)neri","ˈɔːd(ə)n(ə)ri","ɔː(r)"
"950","orange","n.①橙子②橙汁③橙色","ˈʌðər","ˈʌðə(r)","ˈɒrIndʒ"
"951","ordinary","a.①普通的②平庸的","","","ˈɔːdnri"
"952","other","a.①其他的②另一的 pron.另一个人(或事物)","aʊns","aʊns","ˈʌðə(r)"
"953","oughtto","modalv.应该,应当","ˈaʊər; ɑːr","ˈaʊə(r)","ˈɔːttə"
"954","ounce","n.盎司","ˈaʊərz","ˈaʊəz","aʊns"
"955","our","a.我们的","ɑːrˈselvz","ɑːˈselvz","ˈaʊə(r)"
"956","ours","pron.我们的","ˈaʊtdɔːr","ˈaʊtdɔː(r)","ˈaʊəz"
"957","ourselves","pron.我们自己","ˈaʊtɡoʊɪŋ","ˈaʊtɡəʊɪŋ","ˌaʊəˈselvz"
"958","outdoor","a.户外的","ˈaʊtɪŋ","ˈaʊtɪŋ","ˈaʊtdɔː(r)"
"959","outgoing","a.①即将卸任的②外向的③外出的","ˌaʊtˈsaɪd","ˌaʊtˈsaɪd","ˈaʊt?əʊI?"
"960","outing","n.①远足②参赛","ɑːks","ɒks","ˈaʊtI?"
"961","outside","prep.①在……的外面②(~of)除……以外 ad.在外面 n.外面","peɪdʒ","peɪdʒ","ˌaʊtˈsaId"
"962","ox","n.(pl.oxen)牛","peɪn","peɪn","ɒks"
"963","page","n.①页②(计算机)页面③历史篇章","peɪnt","peɪnt","peIdʒ"
"964","pain","n.①疼痛②痛苦 vt.使疼痛","per","peə(r)","peIn"
"965","paint","n.油漆 v.在……上刷油漆","ˈpæləs","ˈpæləs","peInt"
"966","pair","n.①一双②俩vt.使成对","ˈpændə","ˈpændə","peə(r)"
"967","palace","n.宫,宫殿","ˈpeɪpər","ˈpeɪpə(r)","ˈpæləs"
"968","panda","n.熊猫","ˈpærəɡræf","ˈpærəɡrɑːf","ˈpændə"
"969","paper","n.①纸②报纸③(pl.)文件④文章","ˈpɑːrd(ə)n","ˈpɑːd(ə)n","ˈpeIpə(r)"
"970","paragraph","n.段落","ˈperənt","ˈpeərənt","ˈpærə?r?ːf"
"971","pardon","int.抱歉,请再说一遍 n.宽恕","pɑːrk","pɑːk","ˈp?ːdn"
"972","parent","n.父(母)亲","ˈpɑːrtnər","ˈpɑːtnə(r)","ˈpeərənt"
"973","park","n.公园 v.停(车)","ˈpɑːrti","ˈpɑːti","p?ːk"
"974","partner","n.①配偶,搭档②合伙人 vt.做搭档,配对","ˈpæsɪdʒ","ˈpæsɪdʒ","ˈp?ːtnə(r)"
"975","party","n.①党派,政党②社交聚会③队,群","ˈpæsɪndʒər","ˈpæsɪndʒə(r)","ˈp?ːti"
"976","passage","n.①通道②(文章等的)一段","pæst","pɑːst","ˈpæsIdʒ"
"977","passenger","n.乘客,旅客","pæθ","pɑːθ","ˈpæsIndʒə(r)"
"978","past","a.以前的n.(the~)过去","ˈpeɪʃ(ə)nt","ˈpeɪʃ(ə)nt","p?ːst"
"979","path","n.①小路②路线③行动计划","pɔːz","pɔːz","p?ː?"
"980","patient","a.能忍耐的,有耐心的 n.病人","piː","piː","ˈpeIʃnt"
"981","pause","vi./n.暂停,中止","piːs","piːs","pɔːz"
"982","pea","n.豌豆,豌豆粒","piːtʃ","piːtʃ","piː"
"983","peace","n.①和平②平静③和睦","per","peə(r)","piːs"
"984","peach","n.桃,桃子","ˈpez(ə)nt","ˈpez(ə)nt","piːtʃ"
"985","pear","n.梨","pen","pen","peə(r)"
"986","peasant","n.农民,佃农","ˈpens(ə)l","ˈpens(ə)l","ˈpeznt"
"987","pen","n.①笔,钢笔②栏,圈,棚","ˈpeni","ˈpeni","pen"
"988","pencil","n.铅笔","ˈpiːp(ə)l","ˈpiːp(ə)l","ˈpensl"
"989","penny","n.便士","ˈpepər","ˈpepə(r)","ˈpeni"
"990","people","n.①人们,大家②民族","pər","pə(r)","ˈpiːpl"
"991","pepper","n.胡椒粉vt.在……上撒胡椒粉","pərˈsent","pəˈsent","ˈpepə(r)"
"992","per","prep.每,每一","pərˈhæps","pəˈhæps","强pɜː(r),弱pə(r)"
"993","percent","n.百分之一","ˈpɪriəd","ˈpɪəriəd","pəˈsent"
"994","perhaps","ad.或许,大概,可能","ˈpɜːrs(ə)n","ˈpɜːs(ə)n","pəˈhæps"
"995","period","n.①(一段)时间②阶段③学时,课④句号","pet","pet","ˈpIəriəd"
"996","person","n.人","ˈfoʊtoʊ","ˈfəʊtəʊ","ˈpɜːsn"
"997","pet","n.①宠物②宠儿vt.抚摸","piˈænoʊ","piˈænəʊ","pet"
"998","photo","n.照片","pɪk","pɪk","ˈfəʊtəʊ"
"999","piano","n.钢琴","ˈpɪknɪk","ˈpɪknɪk","piˈænəʊ"
"1000","pick","v.①挑选,选择②采,摘③摘掉,剔除","ˈpɪktʃər","ˈpɪktʃə(r)","pIk"
"1001","picnic","n.野餐(食物) vi.野餐","paɪ","paɪ","ˈpIknIk"
"1002","picture","n.①画,图画②相片③(常sing.)描绘vt.①设想②描述","pɪɡ","pɪɡ","ˈpIktʃə(r)"
"1003","pie","n.馅饼","pɪl","pɪl","paI"
"1004","pig","n.猪","ˈpɪloʊ","ˈpɪləʊ","pI?"
"1005","pill","n.药丸,药片[△tablet药片]","ˈpaɪlət","ˈpaɪlət","pIl"
"1006","pillow","n.枕头","pɪŋk","pɪŋk","ˈpIləʊ"
"1007","pilot","n.①飞行员②领航员 vt.①驾驶(飞机等)②引导③试验 a.试验性的","ˌpaɪəˈnɪr","ˌpaɪəˈnɪə(r)","ˈpaIlət"
"1008","pink","a.粉红色的 n.粉红色","paɪp","paɪp","pI?k"
"1009","pioneer","n.①先驱②开拓者,拓荒者 vt.当开拓者","ˈpɪti","ˈpɪti","ˌpaIəˈnIə(r)"
"1010","pipe","n.管子,管道","pleɪn","pleɪn","paIp"
"1011","pity","n./vt.同情,怜悯","plæn","plæn","ˈpIti"
"1012","plain","a.①坦率的②朴素的 n.平原","ˈplænɪt","ˈplænɪt","pleIn"
"1013","plan","n.①计划,打算②(详细)规划③设计图 v.计划","ˈplæstɪk","ˈplæstɪk","plæn"
"1014","planet","n.①行星②(sing.)地球","pleɪt","pleɪt","ˈplænIt"
"1015","plastic","n.塑料(制品)","pleɪ","pleɪ","ˈpl?ːstIk"
"1016","plate","n.①盘子②金属板条","ˈpleɪɡraʊnd","ˈpleɪɡraʊnd","pleIt"
"1017","play","v.①玩耍②演奏③扮演","pliːz","pliːz","pleI"
"1018","playground","n.游乐场,操场","plʌs","plʌs","ˈpleI?raʊnd"
"1019","please","int.请 vt.使满意vi.愿意,喜欢","ˈpɑːkɪt","ˈpɒkɪt","pliːz"
"1020","plus","prep.①加②和,也 n.加号,正号","ˈpoʊət","ˈpəʊɪt","plʌs"
"1021","pocket","n.①衣袋②(常sing.)钱,财力","poʊl","pəʊl","ˈpɒkIt"
"1022","poet","n.诗人","pəˈliːs","pəˈliːs","ˈpəʊIt"
"1023","pole","n.①柱,杆②地极","ˈpɑːləsi","ˈpɒləsi","pəʊl"
"1024","police","n.警察","pəˈlaɪt","pəˈlaɪt","pəˈliːs"
"1025","policy","n.①政策,方针②保险单","ˈpɑːlətɪks","ˈpɒlətɪks","ˈpɒləsi"
"1026","polite","a.①有礼貌的②应酬的","pəˈluːt","pəˈluːt","pəˈlaIt"
"1027","politics","n.政治","pɑːnd","pɒnd","ˈpɒlətIks"
"1028","pollute","vt.弄脏,污染","puːl","puːl","pəˈluːt"
"1029","pond","n.池塘","pʊr","pɔː(r); pʊə(r)","pɒnd"
"1030","pool","n.①泳池②水坑③(液体等的)一摊④共同的资源","pɑːp","pɒp","puːl"
"1031","poor","a.①贫困的②可怜的③低劣的④不擅长的","ˌpɑːpjuˈleɪʃ(ə)n","ˌpɒpjuˈleɪʃ(ə)n","pɔː(r)"
"1032","pop","n.①流行音乐②砰的一声","pɔːrk","pɔːk","pɒp"
"1033","population","n.人口","poʊst","pəʊst","ˌpɒpjuˈleIʃn"
"1034","pork","n.猪肉","pɑːt","pɒt","pɔːk"
"1035","post","n.①邮政,邮件②职位,岗位③(支)柱,桩 vt.①投寄②张贴","pəˈteɪtoʊ","pəˈteɪtəʊ","pəʊst"
"1036","pot","n.罐,壶,锅","paʊnd","paʊnd","pɒt"
"1037","potato","n.土豆","pɔːr","pɔː(r)","pəˈteItəʊ"
"1038","pound","n.①磅②英镑","ˈpaʊdər","ˈpaʊdə(r)","paʊnd"
"1039","pour","v.①倾倒②倾泻","ˈpræktɪk(ə)l","ˈpræktɪkl","pɔː(r)"
"1040","powder","n.①粉末②扑面粉","ˈpræktɪs","ˈpræktɪs","ˈpaʊdə(r)"
"1041","practical","a.①实际的②切实可行的③明智的","preɪz","preɪz","ˈpræktIkl"
"1042","practise/-ice","v.①练习②从事","prɪˈper","prɪˈpeə(r)","ˈpræktIs"
"1043","praise","vt./n.赞扬,称赞","ˈprɪti","ˈprɪti","preIz"
"1044","prepare","v.准备,预备","praɪs","praɪs","prIˈpeə(r)"
"1045","pretty","ad.相当,很a.①漂亮的②优美的③俊俏的","praɪd","praɪd","ˈprIti"
"1046","price","n.①价格②代价","praɪz","praɪz","praIs"
"1047","pride","n.①自豪(感)②自尊(心)③骄傲","ˈprɑːbləm","ˈprɒbləm","praId"
"1048","prize","n.①奖赏②值得追求的东西","ˈprɑːvɪns","ˈprɒvɪns","praIz"
"1049","problem","n.①问题,难题②逻辑题","pʊl","pʊl","ˈprɒbləm"
"1050","province","n.①省②(sing.)范围","ˈpjuːp(ə)l","ˈpjuːp(ə)l","ˈprɒvIns"
"1051","pull","v.拉,拖 vt.①拔②拖动,牵引 n.①拉,拖②(sing.)拉力,牵引力","pjʊr","pjʊə(r)","pʊl"
"1052","pupil","n.①学生,(尤指)小学生②瞳孔","ˈpɜːrp(ə)l","ˈpɜːp(ə)l","ˈpjuːpl"
"1053","pure","a.①纯的②纯理论的③完全的","pɜːrs","pɜːs","pjʊə(r)"
"1054","purple","a./n.紫色(的)","pʊʃ","pʊʃ","ˈpɜːpl"
"1055","purse","n.①钱包②(sing.)资金","pʊt","pʊt","pɜːs"
"1056","push","v./n.推,按","ˈpʌz(ə)l","ˈpʌz(ə)l","pʊʃ"
"1057","put","vt.①放②表达③提出④记下","ˈkwɑːləti","ˈkwɒləti","pʊt"
"1058","puzzle","n.①谜,智力游戏②(常sing.)不解之谜 vt.迷惑","ˈkwɑːntəti","ˈkwɒntəti","ˈpʌzl"
"1059","quality","n.①质量,品质②品德,品性③特性","ˈkwɔːrtər","ˈkwɔːtə(r)","ˈkwɒləti"
"1060","quantity","n.数量","kwiːn","kwiːn","ˈkwɒntəti"
"1061","quarter","n.①四分之一②季,季度③一刻钟","kjuː","kjuː","ˈkwɔːtə(r)"
"1062","queen","n.女王,王后","kwɪk","kwɪk","kwiːn"
"1063","queue","n.队 vi.排队","ˈkwaɪət","ˈkwaɪət","kjuː"
"1064","quick","a.①快的②灵敏的ad.快地","kwaɪt","kwaɪt","kwIk"
"1065","quiet","a.①轻声的②安静的③温和的 n.安静 v.(使)安静","ˈræbɪt","ˈræbɪt","ˈkwaIət"
"1066","quite","ad.①相当②的确③完全","reɪs","reɪs","kwaIt"
"1067","rabbit","n.兔","ˈreɪlweɪ","ˈreɪlweɪ","ˈræbIt"
"1068","race","n.①赛跑,速度竞赛②(sing.)竞争③人种 v.(参加)比赛","reɪn","reɪn","reIs"
"1069","railway","n.铁路","ˈreɪnboʊ","ˈreɪnbəʊ","ˈreIlweI"
"1070","rain","n.雨 vi.下雨","ˈreɪnkoʊt","ˈreɪnkəʊt","reIn"
"1071","rainbow","n.虹,彩虹","ˈræpɪd","ˈræpɪd","ˈreInbəʊ"
"1072","raincoat","n.雨衣","ræt","ræt","ˈreInkəʊt"
"1073","rapid","a.快的,迅速的","ˈræðər","ˈrɑːðə(r)","ˈræpId"
"1074","rat","n.①老鼠②讨厌的人","riːtʃ","riːtʃ","ræt"
"1075","rather","ad.相当,颇","riːd","riːd","ˈr?ːðə(r)"
"1076","reach","vt.①抵达②伸出手,够到","ˈriːz(ə)n","ˈriːz(ə)n","riːtʃ"
"1077","read","v.①读②朗读③读懂","ˈriːs(ə)nt","ˈriːs(ə)nt","riːd"
"1078","reason","n.①原因②道理,情理","ˈrekərd; rɪˈkɔːrd","ˈrekɔːd; rɪˈkɔːd","ˈriːzn"
"1079","recent","a.最近的","red","red","ˈriːsnt"
"1080","record","n.[rIˈkɔːd]v. n.①记录②唱片③纪录 vt.记录","rɪˈfrɪdʒəreɪtər","rɪˈfrɪdʒəreɪtə(r)","ˈrekɔːd"
"1081","red","a.红色的 n.红色","rɪˈɡɑːrd","rɪˈɡɑːd","red"
"1082","refrigerator","n.冰箱","rɪˈɡret","rɪˈɡret","rIˈfrIdʒəreItə(r)"
"1083","regard","vt.①把……看作②注视 n.①注意②尊敬③(pl.)致意","rɪˈlæks","rɪˈlæks","rIˈ??ːd"
"1084","regret","v./n.懊悔,遗憾,抱歉","rɪˈmeɪn","rɪˈmeɪn","rIˈ?ret"
"1085","relax","v.放松,(使)松弛","rɪˈmembər","rɪˈmembə(r)","rIˈlæks"
"1086","remain","vi.①仍然是②逗留,停留③剩余","rent","rent","rIˈmeIn"
"1087","remember","vt.①记得②纪念","rɪˈper","rɪˈpeə(r)","rIˈmembə(r)"
"1088","rent","v.①租借②出租n.租金","rɪˈpɔːrt","rɪˈpɔːt","rent"
"1089","repair","n.修理vt.①修理②弥补","ˈriːsɜːrtʃ","rɪˈsɜːtʃ","rIˈpeə(r)"
"1090","report","vt.①报告②报道","rest","rest","rIˈpɔːt"
"1091","research","v./n.研究,调查","ˈrestrɑːnt","ˈrestrɒnt","rIˈsɜːtʃ"
"1092","rest","n.①休息②停止③剩余部分 v.休息","rɪˈzʌlt","rɪˈzʌlt","rest"
"1093","restaurant","n.餐馆,饭店","rɪˈtɜːrn","rɪˈtɜːn","ˈrestrɒnt"
"1094","result","n.①结果②(常pl.)成绩 vi.(因……)发生","raɪs","raɪs","rIˈzʌlt"
"1095","return","vi.①返回②恢复vt.归还","raɪd","raɪd","rIˈtɜːn"
"1096","rice","n.①水稻②米饭","rɪŋ","rɪŋ","raIs"
"1097","ride","v.骑 n.(骑马、骑车或乘车的)旅行","raɪp","raɪp","raId"
"1098","ring","vt.①给……打电话②按(铃) vi.①(铃、钟等)鸣,响②按铃 n.戒指","ˈrɪvər","ˈrɪvə(r)","rI?"
"1099","ripe","a.(水果或庄稼)成熟的","roʊd","rəʊd","raIp"
"1100","river","n.河,江","ˈroʊbɑːt","ˈrəʊbɒt","ˈrIvə(r)"
"1101","road","n.路,道路","rɑːk","rɒk","rəʊd"
"1102","robot","n.机器人","ˈrɑːkɪt","ˈrɒkɪt","ˈrəʊbɒt"
"1103","rock","n.①岩石,石块②摇滚乐 vt.①使摇动②使震惊","roʊl","rəʊl","rɒk"
"1104","rocket","n.火箭 vi.迅速上升,猛涨","ruːf","ruːf","ˈrɒkIt"
"1105","role","n.①作用,职责②角色","ruːm","ruːm","rəʊl"
"1106","roof","n.屋顶,顶部","ruːt","ruːt","ruːf"
"1107","room","n.①房间②空间③可能性","roʊp","rəʊp","ruːm"
"1108","root","n.①根(部)②(常sing.)根源","roʊz","rəʊz","ruːt"
"1109","rope","n.绳","roʊ","rəʊ","rəʊp"
"1110","rose","n.玫瑰(花),蔷薇(花)","ˈrʌbər","ˈrʌbə(r)","rəʊz"
"1111","row","n.①(一)排,(一)行②(常sing.)划船(时间) v.划(船) vi./n.争吵","ˈrʌbɪʃ","ˈrʌbɪʃ","rəʊ"
"1112","rubber","n.①橡胶(制品)②橡皮","ˈruːɪn","ˈruːɪn","ˈrʌbə(r)"
"1113","rubbish","n.①垃圾②废话","ruːl","ruːl","ˈrʌbIʃ"
"1114","ruin","vt.①毁灭②使破产n.①毁灭,毁坏②破产③(pl.)废墟","rʌn","rʌn","ˈruːIn"
"1115","rule","n.①规则②(常sing.)习惯③统治 v.①统治②裁决","rʌʃ","rʌʃ","ruːl"
"1116","run","vi.①跑②行驶③运转 vt.①使移动②经营","sæd","sæd","rʌn"
"1117","rush","vi.急速行进,猛冲","seɪf","seɪf","rʌʃ"
"1118","sad","a.①悲哀的②十分糟糕的","seɪl","seɪl","sæd"
"1119","safe","a.①安全的②牢靠的③谨慎的 n.保险箱","ˈsæləd","ˈsæləd","seIf"
"1120","sail","vi.航行 vt.①驾驶(船只)②在……上航行 n.帆","seɪl","seɪl","seIl"
"1121","salad","n.色拉,凉拌菜","ˈseɪlzmən","ˈseɪlzmən","ˈsæləd"
"1122","sale","n.①卖,出售②廉价出售","sɔːlt","sɔːlt; sɒlt","seIl"
"1123","salesman","n.售货员","sænd","sænd","ˈseIlzmən"
"1124","salt","n.盐","ˈsænwɪtʃ","ˈsænwɪtʃ","sɔːlt"
"1125","sand","n.①沙②沙滩","ˈsætəlaɪt","ˈsætəlaɪt","sænd"
"1126","sandwich","n.三明治vt.夹入","ˈsætərdeɪ","ˈsætədeɪ","ˈsænwIdʒ"
"1127","satellite","n.①卫星②人造卫星","ˈsɔːsɪdʒ","ˈsɒsɪdʒ","ˈsætəlaIt"
"1128","Saturday","n.星期六","seɪv","seɪv","ˈsætədeI"
"1129","sausage","n.香肠,腊肠","seɪ","seɪ","ˈsɒsIdʒ"
"1130","save","vt.①救助②储蓄③节省④保存 vi.储蓄prep.除……之外","ˈskɑːlər","ˈskɒlə(r)","seIv"
"1131","say","vt.①说②说明③表明","skuːl","skuːl","seI"
"1132","scholar","n.①学者②奖学金获得者","ˈsaɪəns","ˈsaɪəns","ˈskɒlə(r)"
"1133","school","n.①学校②上学③学派","ˈsɪzərz","ˈsɪzəz","skuːl"
"1134","science","n.①科学②学科","skɔːr","skɔː(r)","ˈsaIəns"
"1135","scissors","n.(pl.)剪刀","skriːn","skriːn","ˈsIzəz"
"1136","score","n.①得分②(pl.)大量③二十个④划痕 vt.①得(分)②给……评分③刻痕于","siː","siː","skɔː(r)"
"1137","screen","n.①屏幕②屏风,帘,纱窗 vt.①掩蔽②放映(电影)③审查","sɜːrtʃ","sɜːtʃ","skriːn"
"1138","sea","n.海,海洋","ˈsiːz(ə)n","ˈsiːz(ə)n","siː"
"1139","search","v./n.搜索,寻找,探查","siːt","siːt","sɜːtʃ"
"1140","season","n.季节","ˈsiːkrət","ˈsiːkrət","ˈsiːzn"
"1141","seat","n.座位 vt.使坐下","ˈsekrəteri","ˈsekrət(ə)ri","siːt"
"1142","secret","a.秘密的n.①秘密②秘诀","siː","siː","ˈsiːkrIt"
"1143","secretary","n.①秘书②部长,大臣","siːd","siːd","ˈsekrətri"
"1144","see","v.①看,看见②观看③领会,理解","siːk","siːk","siː"
"1145","seed","n.①种子②(常pl.)萌芽","siːm","siːm","siːd"
"1146","seek","v.①寻找,追求②征求(意见)③试图","ˈseldəm","ˈseldəm","siːk"
"1147","seem","link.v.好像,似乎","self","self","siːm"
"1148","seldom","ad.很少,不常","sel","sel","ˈseldəm"
"1149","self","n.①本来面目②个性","send","send","self"
"1150","sell","v.卖,推销","ˈsentəns","ˈsentəns","sel"
"1151","send","vt.①送,寄②派遣,打发③发送(信号等),发射","ˈseprət","ˈseprət","send"
"1152","sentence","n.①句子②判决 vt.宣判","sepˈtembər","sepˈtembə(r)","ˈsentəns"
"1153","separate","v.[ˈsepərət]a. vt.①使分离②划分③区分a.①分离的②不同的","ˈsɪriəs","ˈsɪəriəs","ˈsepəreIt"
"1154","September","n.九月","ˈsev(ə)n","ˈsev(ə)n","səpˈtembə(r)"
"1155","serious","a.①严重的②重要的③认真的④严肃的","ˌsev(ə)nˈtiːn","ˌsev(ə)nˈtiːn","ˈsIəriəs"
"1156","seven","num.七","ˈsev(ə)nti","ˈsev(ə)nti","ˈsevn"
"1157","seventeen","num.十七","ˈsevrəl","ˈsevrəl","ˌsevnˈtiːn"
"1158","seventy","num.七十","soʊ","səʊ","ˈsevnti"
"1159","several","pron.几个,若干,数个","seks","seks","ˈsevrəl"
"1160","sew","v.缝(纫)","ʃeɪk","ʃeɪk","səʊ"
"1161","sex","n.性(别)","ʃæl; ʃəl","ʃæl; ʃəl","seks"
"1162","shake","v./n.①摇动②颤抖","ʃeɪm","ʃeɪm","ʃeIk"
"1163","shall","modalv.①将要,将会②(表示提出或征求意见)③(表示决心、命令或指示)必须,应该","ʃeɪp","ʃeɪp","强ʃæl,弱ʃəl"
"1164","shame","n.①羞耻②(sing.)让人遗憾的事","ʃer","ʃeə(r)","ʃeIm"
"1165","shape","n.①形状②状况 vt.形成","ʃɑːrp","ʃɑːp","ʃeIp"
"1166","share","vt.①分享②分配vi.分享,分担 n.①一份②股票","ʃeɪv","ʃeɪv","ʃeə(r)"
"1167","sharp","a.①锋利的②轮廓分明的③敏锐的④急剧的ad.(时刻)整,准","ʃiː; ʃi","ʃiː; ʃi","ʃ?ːp"
"1168","shave","vt.剃,刮,削vi./n.修面,刮脸","ʃiːp","ʃiːp","ʃeIv"
"1169","she","pron.她","ʃiːt","ʃiːt","ʃiː"
"1170","sheep","n.绵羊","ʃelf","ʃelf","ʃiːp"
"1171","sheet","n.①被单②薄板③(一)片,(一)张","ʃaɪn","ʃaɪn","ʃiːt"
"1172","shelf","n.架子","ʃɪp","ʃɪp","ʃelf"
"1173","shine","vi.①照耀②干得出色","ʃɜːrt","ʃɜːt","ʃaIn"
"1174","ship","n.船(舶) vt.用船运","ʃuː","ʃuː","ʃIp"
"1175","shirt","n.衬衫","ʃuːt","ʃuːt","ʃɜːt"
"1176","shoe","n.鞋","ʃɑːp","ʃɒp","ʃuː"
"1177","shoot","v.①射击②射门,投篮③拍摄","ʃɔːrt","ʃɔːt","ʃuːt"
"1178","shop","n.①商店②车间","ˈʃɔːrtli","ˈʃɔːtli","ʃɒp"
"1179","short","a.①短的②缺乏的ad.简短地","ʃɑːt","ʃɒt","ʃɔːt"
"1180","shortly","ad.立刻,不久","ʃʊd; ʃəd","ʃʊd; ʃəd","ˈʃɔːtli"
"1181","shot","n.①开枪②射门,投篮③弹丸④铅球⑤尝试⑥镜头","ˈʃoʊldər","ˈʃəʊldə(r)","ʃɒt"
"1182","should","modalv.①[shall的过去式]②应当③万一④本应","ʃaʊt","ʃaʊt","强ʃʊd,弱ʃəd"
"1183","shoulder","n.肩(部)vt.肩负","ʃoʊ","ʃəʊ","ˈʃəʊldə(r)"
"1184","shout","v./n.呼喊,呼叫","ˈʃaʊər","ˈʃaʊə(r)","ʃaʊt"
"1185","show","v.①表明②显示③带,引","ʃʌt","ʃʌt","ʃəʊ"
"1186","shower","n.①淋浴(器)②阵雨 vi.①洗淋浴②下阵雨","ʃaɪ","ʃaɪ","ˈʃaʊə(r)"
"1187","shut","v.关,闭","sɪk","sɪk","ʃʌt"
"1188","shy","a.①害羞的②胆怯的","saɪ","saɪ","ʃaI"
"1189","sick","a.①有病的②恶心的③腻烦的④心烦意乱的","ˈsaɪlənt","ˈsaɪlənt","sIk"
"1190","sigh","n.叹息(声) vi.叹息","sɪlk","sɪlk","saI"
"1191","silent","a.①寂静的②沉默寡言的③无声的","ˈsɪlvər","ˈsɪlvə(r)","ˈsaIlənt"
"1192","silk","n.丝绸","sɪns","sɪns","sIlk"
"1193","silver","n.①银②银器③银币④银色","sɪŋ","sɪŋ","ˈsIlvə(r)"
"1194","since","conj.①自……以来②因为 prep.自……以来ad.后来","sɪŋk","sɪŋk","sIns"
"1195","sing","v.①唱(歌),演唱②(鸟)鸣","sɜːr","sɜː(r)","sI?"
"1196","sink","v.①下沉②降低③陷入,衰退 n.水槽","ˈsɪstər","ˈsɪstə(r)","sI?k"
"1197","sir","n.①先生②(S-)爵士","sɪks","sɪks","sɜː(r)"
"1198","sister","n.姐,妹","ˌsɪksˈtiːn","ˌsɪksˈtiːn","ˈsIstə(r)"
"1199","six","num.六","ˈsɪksti","ˈsɪksti","sIks"
"1200","sixteen","num.十六","saɪz","saɪz","ˌsIksˈtiːn"
"1201","sixty","num.六十","skeɪt","skeɪt","ˈsIksti"
"1202","size","n.①大小,尺寸②尺码","skiː","skiː","saIz"
"1203","skate","vi.溜冰,滑冰n.冰鞋","skɪn","skɪn","skeIt"
"1204","ski","vi.滑雪 n.滑雪板","skaɪ","skaɪ","skiː"
"1205","skin","n.①皮(肤)②兽皮,毛皮③外壳","ˈskaɪskreɪpər","ˈskaɪskreɪpə(r)","skIn"
"1206","sky","n.天(空)","sleɪv","sleɪv","skaI"
"1207","skyscraper","n.摩天大楼","sliːp","sliːp","ˈskaIskreIpə(r)"
"1208","slave","n.奴隶,苦工vi.苦干,拼命干","sliːv","sliːv","sleIv"
"1209","sleep","v./n.睡(觉)","sloʊ","sləʊ","sliːp"
"1210","sleeve","n.袖子","smɔːl","smɔːl","sliːv"
"1211","slow","a.①慢的②迟钝的","smɑːrt","smɑːt","sləʊ"
"1212","small","a.①小的②年幼的③不重要的","ˈsmɑːrtfoʊn","ˈsmɑːtfəʊn","smɔːl"
"1213","smart","a.①漂亮的,潇洒的②聪明的","smaɪl","smaɪl","sm?ːt"
"1214","smartphone","n.智能手机","smɑːɡ","smɒɡ","ˈsm?ːtfəʊn"
"1215","smile","n./v.微笑","smoʊk","sməʊk","smaIl"
"1216","smog","n.烟雾","sneɪk","sneɪk","smɒ?"
"1217","smoke","n.①烟②(常sing.)吸烟 vi.①冒烟②抽烟vt.①抽(烟)②熏制","snoʊ","snəʊ","sməʊk"
"1218","snake","n.蛇 v.蜿蜒,弯弯曲曲行进","soʊ","səʊ","sneIk"
"1219","snow","n.雪 vi.下雪","soʊp","səʊp","snəʊ"
"1220","so","ad.①那么②这样,那样③如此④同样 conj.①因而②为了","ˈsɑːkər","ˈsɒkə(r)","səʊ"
"1221","soap","n.肥皂","sɑːk","sɒk","səʊp"
"1222","soccer","n.足球","ˈsoʊfə","ˈsəʊfə","ˈsɒkə(r)"
"1223","sock","n.短袜","sɔːft","sɒft","sɒk"
"1224","sofa","n.(长)沙发","ˈsɔːftwer","ˈsɒftweə(r)","ˈsəʊfə"
"1225","soft","a.①柔软的②(声音)轻柔的③柔和的④温和的","sɔɪl","sɔɪl","sɒft"
"1226","software","n.软件","ˈsoʊldʒər","ˈsəʊldʒə(r)","ˈsɒftweə(r)"
"1227","soil","n.泥土 vt.弄脏","ˈsɑːlɪd","ˈsɒlɪd","sɔIl"
"1228","soldier","n.士兵,军人","ˈsʌmbɑːdi","ˈsʌmbədi","ˈsəʊldʒə(r)"
"1229","solid","a.①固体的②实心的③结实的④可靠的","ˈsʌmhaʊ","ˈsʌmhaʊ","ˈsɒlId"
"1230","somebody","pron.①某人②重要人物","ˈsʌmwʌn","ˈsʌmwʌn","ˈsʌmbədi"
"1231","somehow","ad.①以某种方式②不知怎么地","ˈsʌmθɪŋ","ˈsʌmθɪŋ","ˈsʌmhaʊ"
"1232","someone","pron.①某人②重要人物","ˈsʌmtaɪm","ˈsʌmtaɪm","ˈsʌmwʌn"
"1233","something","pron.某事,某物 n.(sing.)重要的事物","ˈsʌmtaɪmz","ˈsʌmtaɪmz","ˈsʌm?I?"
"1234","sometime","ad.在(过去或将来的)某个时候","ˈsʌmwer","ˈsʌmweə(r)","ˈsʌmtaIm"
"1235","sometimes","ad.有时,间或","sʌn","sʌn","ˈsʌmtaImz"
"1236","somewhere","ad.①在某处②大约","sɔːŋ","sɒŋ","ˈsʌmweə(r)"
"1237","son","n.①儿子②孩子","suːn","suːn","sʌn"
"1238","song","n.①歌②(鸟等)鸣声","ˈsɑːri","ˈsɒri","sɒ?"
"1239","soon","ad.①不久②很快,马上","soʊl","səʊl","suːn"
"1240","sorry","a.①对不起的②遗憾的③可怜的","saʊnd","saʊnd","ˈsɒri"
"1241","soul","n.①灵魂②心灵","suːp","suːp","səʊl"
"1242","sound","n.声音 vt.使发出声音 a.明智的","ˈsaʊər","ˈsaʊə(r)","saʊnd"
"1243","soup","n.汤","saʊθ","saʊθ","suːp"
"1244","sour","a.①酸的②馊的v.(使)变酸","ˌsaʊθˈiːst","ˌsaʊθˈiːst","ˈsaʊə(r)"
"1245","south","n.南,南方,南部","ˌsaʊθˈwest","ˌsaʊθˈwest","saʊ?"
"1246","southeast","n.东南方","soʊ","səʊ","ˌsaʊ?ˈiːst"
"1247","southwest","n.西南方","speɪs","speɪs","ˌsaʊ?ˈwest"
"1248","sow","v.播(种)","ˈspeɪsʃɪp","ˈspeɪsʃɪp","səʊ"
"1249","space","n.①空地②空间③太空","sper","speə(r)","speIs"
"1250","spaceship","n.宇宙飞船","spiːk","spiːk","ˈspeIsʃIp"
"1251","spare","a.①备用的②多余的③不用的 vt.①省出②饶恕③使免遭④节约","spiːtʃ","spiːtʃ","speə(r)"
"1252","speak","v.①说(出)②会讲(某种语言)","spiːd","spiːd","spiːk"
"1253","speech","n.①说话,讲话,演说②言语,言论③说话方式","spel","spel","spiːtʃ"
"1254","speed","vi.①迅速前进,急行②(违章)超速行驶 n.速度","ˈspoʊksmən","ˈspəʊksmən","spiːd"
"1255","spell","v.①拼写②意味着n.①咒语②一段时间","spuːn","spuːn","spel"
"1256","spokesman","n.发言人","spɔːrt","spɔːt","ˈspəʊksmən"
"1257","spoon","n.匙,调羹vt.用匙舀","ˈspɔːrtsmən","ˈspɔːtsmən","spuːn"
"1258","sport","n.体育运动","skwer","skweə(r)","spɔːt"
"1259","sportsman","n.运动员","steɪdʒ","steɪdʒ","ˈspɔːtsmən"
"1260","square","a.①正方形的②平方的 n.①正方形②广场③平方","ster","steə(r)","skweə(r)"
"1261","stage","n.①阶段②舞台vt.①上演②举办","stæmp","stæmp","steIdʒ"
"1262","stair","n.①(pl.)楼梯②(楼梯的)梯级","ˈstændərd","ˈstændəd","steə(r)"
"1263","stamp","n.①邮票②印③跺脚 v.跺脚 vt.在……上盖印","stɑːr","stɑː(r)","stæmp"
"1264","standard","n.标准,规格","ster","steə(r)","ˈstændəd"
"1265","star","n.①(恒)星②星形(物)③明星","steɪt","steɪt","st?ː(r)"
"1266","stare","vi./n.盯,凝视","steɪ","steɪ","steə(r)"
"1267","state","n.①状态②(S-)国家,政府③(S-)州 vt.陈述","stiːl","stiːl","steIt"
"1268","stay","vi.①逗留②保持③停留 vt.保持 n.逗留","stiːl","stiːl","steI"
"1269","steal","v.偷盗","step","step","stiːl"
"1270","steel","n.钢","ˈstɑːkɪŋ","ˈstɒkɪŋ","stiːl"
"1271","step","n.①步,脚步②步骤③台阶 vi.①跨步②踩","ˈstʌmək","ˈstʌmək","step"
"1272","stocking","n.(pl.)长筒袜","stoʊn","stəʊn","ˈstɒkI?"
"1273","stomach","n.胃,腹部","stɑːp","stɒp","ˈstʌmək"
"1274","stone","n.①石头②宝石③果核","stɔːr","stɔː(r)","stəʊn"
"1275","stop","vt.①停止②塞住,堵塞③阻止","stɔːrm","stɔːm","stɒp"
"1276","store","n.①商店②贮存vt.贮藏","ˈstɔːri","ˈstɔːri","stɔː(r)"
"1277","storm","n.暴风雨,暴风雪","stoʊv","stəʊv","stɔːm"
"1278","story","n.①故事②情况③(新闻)报道④谎言","streɪt","streɪt","ˈstɔːri"
"1279","stove","n.炉子,火炉","streɪndʒ","streɪndʒ","stəʊv"
"1280","straight","a.①直的②直率的 ad.①直接地②立即③坦率地","striːt","striːt","streIt"
"1281","strange","a.①奇怪的②陌生的","strɔːŋ","strɒŋ","streIndʒ"
"1282","street","n.街道","ˈstuːd(ə)nt","ˈstjuːd(ə)nt","striːt"
"1283","strong","a.①强壮的②有权势的","ˈstʌdi","ˈstʌdi","strɒ?"
"1284","student","n.①学生②研究者","ˈstuːpɪd","ˈstjuːpɪd","ˈstjuːdnt"
"1285","study","v.①学习②研究n.①学习②研究③书房","sʌtʃ","sʌtʃ","ˈstʌdi"
"1286","stupid","a.①愚蠢的②讨厌的","ˈsʌd(ə)n","ˈsʌd(ə)n","ˈstjuːpId"
"1287","such","a.①这样的②那么的ad.那么 pron.这样的人(或事物)","ˈʃʊɡər","ˈʃʊɡə(r)","sʌtʃ"
"1288","sudden","a.突然的,忽然的","ˈsuːtkeɪs","ˈsuːtkeɪs","ˈsʌdn"
"1289","sugar","n.糖","ˈsʌmər","ˈsʌmə(r)","ˈʃʊ?ə(r)"
"1290","suitcase","n.(旅行用)小提箱","ˈsʌndeɪ","ˈsʌndeɪ","ˈsuːtkeIs,ˈsjuːtkeIs"
"1291","summer","n.夏,夏季","ˈsʌnʃaɪn","ˈsʌnʃaɪn","ˈsʌmə(r)"
"1292","Sunday","n.星期日","ˈsuːpərmɑːrkɪt","ˈsuːpəmɑːkɪt","ˈsʌndeI"
"1293","sunshine","n.日光,日照","ˈsʌpər","ˈsʌpə(r)","ˈsʌnʃaIn"
"1294","supermarket","n.超市","səˈpɔːrt","səˈpɔːt","ˈsuːpəm?ːkIt,ˈsjuːpəm?ːkIt"
"1295","supper","n.晚餐,夜宵","səˈpoʊz","səˈpəʊz","ˈsʌpə(r)"
"1296","support","vt.①支持②支撑","sərˈpraɪz","səˈpraɪz","səˈpɔːt"
"1297","suppose","vt.①料想②假定③期望","swiːt","swiːt","səˈpəʊz"
"1298","surprise","n.①惊奇②令人惊奇的事物 vt.①使诧异②突然袭击","swɪm","swɪm","səˈpraIz"
"1299","sweet","a.①甜的②和蔼的③芳香的 n.①甜食②亲爱的","sɔːrd","sɔːd","swiːt"
"1300","swim","vi.①游泳②浸泡,充溢着 n.游泳","ˈsɪstəm","ˈsɪstəm","swIm"
"1301","sword","n.剑,刀","ˈteɪbl","ˈteɪb(ə)l","sɔːd"
"1302","system","n.①系统②制度③身体","ˈtæblət","ˈtæblət","ˈsIstəm"
"1303","table","n.①桌子②表格","teɪl","teɪl","ˈteIbl"
"1304","tablet","n.①药片②碑,牌,匾","ˈteɪlər","ˈteɪlə(r)","ˈtæblət"
"1305","tail","n.①尾巴②后部vt.跟踪","tɔːk","tɔːk","teIl"
"1306","tailor","n.裁缝 vt.专门制作","tɔːl","tɔːl","ˈteIlə(r)"
"1307","talk","v.讲 n.①谈话②演讲","tæp","tæp","tɔːk"
"1308","tall","a.①高的②有……高的","teɪp","teɪp","tɔːl"
"1309","tap","vt.①轻敲②利用③搭线窃听 vi.轻叩 n.①塞子②轻击③电话窃听","tæsk","tɑːsk","tæp"
"1310","tape","n.①录音带②胶带","teɪst","teɪst","teIp"
"1311","task","n.任务,工作","tæks","tæks","t?ːsk"
"1312","taste","n.①滋味②味觉③鉴赏力④兴趣⑤体验,尝试 v.①尝到……的味道②品尝③体验","ˈtæksi","ˈtæksi","teIst"
"1313","tax","n.税(款)vt.对……征税","tiː","tiː","tæks"
"1314","taxi","n.出租汽车","tiːtʃ","tiːtʃ","ˈtæksi"
"1315","tea","n.①茶叶②茶,茶水","tiːm","tiːm","tiː"
"1316","teach","vt.①教②教导vi.讲课","ter; tɪ(ə)r","teə(r); tɪə","tiːtʃ"
"1317","team","n.队,组 vt.使合作","ˈtiːneɪdʒər","ˈtiːneɪdʒə(r)","tiːm"
"1318","tear","n.[teə(r)]v. n.眼泪vt.①撕碎②拉掉 vi.①撕②飞跑","ˈtelɪfoʊn","ˈtelɪfəʊn","tIə(r)"
"1319","teenager","n.(13~19岁的)青少年","ˈtelɪvɪʒ(ə)n","ˈtelɪvɪʒ(ə)n","ˈtiːneIdʒə(r)"
"1320","telephone","n.电话(机)v.打电话","tel","tel","ˈtelIfəʊn"
"1321","television","n.①电视机②电视节目","ˈtemprətʃər; ˈtemprətʃʊr","ˈtemprətʃə(r)","ˈtelIvIʒn"
"1322","tell","vt.①讲②吩咐③判断④显露⑤辨别 vi.认出","ten","ten","tel"
"1323","temperature","n.①温度②体温","ˈtenɪs","ˈtenɪs","ˈtemprətʃə(r)"
"1324","ten","num.十","tens","tens","ten"
"1325","tennis","n.网球","tent","tent","ˈtenIs"
"1326","tense","a.①拉紧的②紧张的 v.(使)拉紧 n.(动词的)时态[△voice语态]","tekst","tekst","tens"
"1327","tent","n.帐篷","ˈtekstbʊk","ˈtekstbʊk","tent"
"1328","text","n.①正文,文本②课本③演讲稿,剧本④文章 v.发短信","ðæn; ðən","ðæn; ðən","tekst"
"1329","textbook","n.课本","θæŋk","θæŋk","ˈtekstbʊk"
"1330","than","conj.比","ðæt","ðæt","强ðæn,弱ðən"
"1331","thank","vt.感谢int./n.(-s)谢谢","ðə; ði","ðə; ði","?æ?k"
"1332","that","pron.那,那个","ˈθiːətər","ˈθɪətə(r)","强ðæt,弱ðət"
"1333","the","art.这,那","θeft","θeft","强ðiː;弱ðə,ði"
"1334","theater/-tre","n.①戏院,剧场②戏剧","ðer; ðər","ðeə(r)","ˈ?Iətə(r)"
"1335","theft","n.偷,盗窃罪","ðerz","ðeəz","?eft"
"1336","their","a.他(她、它)们的","ðem; ðəm","ðem; ðəm","ðeə(r)"
"1337","theirs","pron.他(她、它)们的(所有物)","ðəmˈselvz","ðəmˈselvz","ðeəz"
"1338","them","pron.他(她、它)们","ðen","ðen","强ðem,弱ðəm"
"1339","themselves","pron.①他(她、它)们自己②他(她、它)们亲自","ðiːz","ðiːz","ðəmˈselvz"
"1340","then","ad.①当时,在那时②然后,接着③那么,因此④还有,再者","ðeɪ","ðeɪ","ðen"
"1341","these","pron.这些","θɪk","θɪk","ðiːz"
"1342","they","pron.①他(她、它)们②(泛指)人们","θiːf","θiːf","ðeI"
"1343","thick","a.①厚的②笨的③稠的④(说话)不清楚的⑤密的","θɪn","θɪn","?Ik"
"1344","thief","n.(pl.thieves)贼,小偷","θɪŋ","θɪŋ","?iːf"
"1345","thin","a.①薄的②瘦的③稀薄的","θɪŋk","θɪŋk","?In"
"1346","thing","n.①事件②物","θɜːrd","θɜːd","?I?"
"1347","think","vt.①认为②想③想要 vi.想 n.思考","ˌθɜːrˈtiːn","ˌθɜːˈtiːn","?I?k"
"1348","third","ord.第三 n.三分之一","ˈθɜːrti","ˈθɜːti","?ɜːd"
"1349","thirteen","num.十三","ðɪs","ðɪs","ˌ?ɜːˈtiːn"
"1350","thirty","num.三十","ðoʊz","ðəʊz","ˈ?ɜːti"
"1351","this","pron./a.①这,这个②现在 ad.这样","ðoʊ","ðəʊ","ðIs"
"1352","those","pron.那些","ˈθaʊz(ə)nd","ˈθaʊz(ə)nd","ðəʊz"
"1353","though","conj.尽管,虽然 ad.可是,不过,然而","θriː","θriː","ðəʊ"
"1354","thousand","num.一千","θroʊt","θrəʊt","ˈ?aʊznd"
"1355","three","num.三","θruː","θruː","?riː"
"1356","throat","n.咽喉,嗓子","θroʊ","θrəʊ","?rəʊt"
"1357","through","prep.①穿过②自始至终③凭借","ˈθʌndər","ˈθʌndə(r)","?ruː"
"1358","throw","vt.①投,扔,抛②猛推③使摔倒 n.①投②投掷的距离","ˈθɜːrzdeɪ","ˈθɜːzdeɪ","?rəʊ"
"1359","thunder","n.①雷,雷声②轰隆声","ˈtɪkɪt","ˈtɪkɪt","ˈ?ʌndə(r)"
"1360","Thursday","n.星期四","ˈtaɪdi","ˈtaɪdi","ˈ?ɜːzdeI"
"1361","ticket","n.①票②奖券③(交通违章)罚款单④候选人名单","taɪ","taɪ","ˈtIkIt"
"1362","tidy","a.①整洁的②爱整洁的 vt.使整洁","ˈtaɪɡər","ˈtaɪɡə(r)","ˈtaIdi"
"1363","tie","vt.①拴,扎,捆②把……打结③连接④束缚⑤打成平局n.①领带②绳子③(常pl.)纽带④束缚⑤平局","tɪl","tɪl","taI"
"1364","tiger","n.虎,老虎","tɪn","tɪn","ˈtaI?ə(r)"
"1365","till","prep./conj.直到","ˈtaɪni","ˈtaɪni","tIl"
"1366","tin","n.①锡②罐,罐头","ˈtaɪər","ˈtaɪə(r)","tIn"
"1367","tiny","a.极小的,微小的","təˈbækoʊ","təˈbækəʊ","ˈtaIni"
"1368","tire","v.(使)疲劳","təˈdeɪ","təˈdeɪ","ˈtaIə(r)"
"1369","tobacco","n.烟草,烟叶","toʊ","təʊ","təˈbækəʊ"
"1370","today","ad.①在今天②当今 n.①今天②现在","təˈɡeðər","təˈɡeðə(r)","təˈdeI"
"1371","toe","n.①脚趾②(袜、鞋等的)足尖部","ˈtɔɪlət","ˈtɔɪlət","təʊ"
"1372","together","ad.①一起,共同②一致","təˈmeɪtoʊ","təˈmɑːtəʊ","təˈ?eðə(r)"
"1373","toilet","n.①厕所②抽水马桶","təˈmɑːroʊ","təˈmɒrəʊ","ˈtɔIlət"
"1374","tomato","n.西红柿","tʌn","tʌn","təˈm?ːtəʊ"
"1375","tomorrow","n.①明天,明日②未来 ad.在明天","tʌŋ","tʌŋ","təˈmɒrəʊ"
"1376","ton","n.①吨②(pl.)大量,许多","təˈnaɪt","təˈnaɪt","tʌn"
"1377","tongue","n.①舌头②语言","tuː","tuː","tʌ?"
"1378","tonight","n.今晚 ad.在今夜","tuːl","tuːl","təˈnaIt"
"1379","too","ad.①也②太③很","tuːθ","tuːθ","tuː"
"1380","tool","n.①工具②方法,手段","tɑːp","tɒp","tuːl"
"1381","tooth","n.①牙齿②齿状部分","ˈtɑːpɪk","ˈtɒpɪk","tuː?"
"1382","top","n.①顶②表面","ˈtoʊt(ə)l","ˈtəʊt(ə)l","tɒp"
"1383","topic","n.题目,话题","tʌtʃ","tʌtʃ","ˈtɒpIk"
"1384","total","a.①总的②完全的n.总数 vt.①总计②计算……的总和","tʊr","tʊə(r)","ˈtəʊtl"
"1385","touch","vt.①触摸,碰②触动③接触 n.①(常sing.)触摸②触觉","tɔːrdz","təˈwɔːdz","tʌtʃ"
"1386","tour","n./v.旅行,旅游","ˈtaʊəl","ˈtaʊəl","tʊə(r)"
"1387","toward(s)","prep.①向,朝②趋向,接近③对于,关于④将近","ˈtaʊər","ˈtaʊə(r)","təˈwɔːd(z)"
"1388","towel","n.毛巾,抹布","taʊn","taʊn","ˈtaʊəl"
"1389","tower","n.塔,塔楼vi.①高于②胜过,远远超过","tɔɪ","tɔɪ","ˈtaʊə(r)"
"1390","town","n.①镇②(the~)(某一市镇的)居民③商业区","ˈtræktər","ˈtræktə(r)","taʊn"
"1391","toy","n.玩具","trəˈdɪʃ(ə)n","trəˈdɪʃ(ə)n","tɔI"
"1392","tractor","n.拖拉机","ˈtræfɪk","ˈtræfɪk","ˈtræktə(r)"
"1393","tradition","n.传统","treɪn","treɪn","trəˈdIʃn"
"1394","traffic","n.路上行驶的车辆,交通","ˈtræv(ə)l","ˈtræv(ə)l","ˈtræfIk"
"1395","train","n.①火车,列车②队列③(常sing.)一系列相关的事情","ˈtreʒər","ˈtreʒə(r)","treIn"
"1396","travel","n./v.旅行","triːt","triːt","ˈtrævl"
"1397","treasure","n.①金银财宝②(常pl.)珍品 vt.珍爱","triː","triː","ˈtreʒə(r)"
"1398","treat","vt.①对待②把……看作③治疗④款待 n.①乐事②款待","trɪk","trɪk","triːt"
"1399","tree","n.树,树木","trɪp","trɪp","triː"
"1400","trick","n.①诡计②引起错觉的事物③戏法④(常sing.)诀窍","ˈtraʊzərz","ˈtraʊzəz","trIk"
"1401","trip","n.旅行 v.绊","trʌk","trʌk","trIp"
"1402","trousers","n.(pl.)裤子","truː","truː","ˈtraʊzəz"
"1403","truck","n.卡车","trʌst","trʌst","trʌk"
"1404","true","a.①如实的②真正的③忠诚的④精确的","truːθ","truːθ","truː"
"1405","trust","n.①信任②委托v.①信任②相信","traɪ","traɪ","trʌst"
"1406","truth","n.①(the~)事实,真相②真实性③真理","tuːb","tjuːb","truː?"
"1407","try","vt.①试图②试验③审讯 vi.努力 n.努力,尝试","ˈtuːzdeɪ","ˈtjuːzdeɪ","traI"
"1408","tube","n.①管,管状物②软管③电视","ˈtɜːrki","ˈtɜːki","tjuːb"
"1409","Tuesday","n.星期二","tɜːrn","tɜːn","ˈtjuːzdeI"
"1410","turkey","n.火鸡","twelv","twelv","ˈtɜːki"
"1411","turn","v.①(使)转动②转身③改变方向④朝着⑤(使)变成","ˈtwenti","ˈtwenti","tɜːn"
"1412","twelve","num.十二","twaɪs","twaɪs","twelv"
"1413","twenty","num.二十","twɪn","twɪn","ˈtwenti"
"1414","twice","ad.①两次,两遍②两倍","tuː","tuː","twaIs"
"1415","twin","n.孪生儿之一,双胞胎之一","taɪp","taɪp","twIn"
"1416","two","num.二","ˈtaɪpraɪtər","ˈtaɪpraɪtə(r)","tuː"
"1417","type","n.①类型②典型③文字 v.打字","ˈtaɪər","ˈtaɪə(r)","taIp"
"1418","typewriter","n.打字机","ˈʌɡli","ˈʌɡli","ˈtaIpraItə(r)"
"1419","tyre","(alsotire)n.轮胎","ʌmˈbrelə","ʌmˈbrelə","ˈtaIə(r)"
"1420","ugly","a.①丑的②可怕的","ʌnˈsɜːrt(ə)n","ʌnˈsɜːt(ə)n","ˈʌ?li"
"1421","umbrella","n.伞","ˈʌŋk(ə)l","ˈʌŋk(ə)l","ʌmˈbrelə"
"1422","uncertain","a.不确定的","ˈjuːnɪt","ˈjuːnɪt","ʌnˈsɜːtn"
"1423","uncle","n.伯父,叔父,舅父,姑父,姨父","ˌjuːnɪˈvɜːrsəti","ˌjuːnɪˈvɜːsəti","ˈʌ?kl"
"1424","unit","n.①(工作)单位②(计量或计数用的)单位③单元","ənˈles","ənˈles","ˈjuːnIt"
"1425","university","n.大学","ənˈtɪl","ənˈtɪl","ˌjuːnIˈvɜːsəti"
"1426","unless","conj.除非,若不","əˈpɑːn","əˈpɒn","ənˈles,ʌnˈles"
"1427","until","prep./conj.直到……时","ˌʌpˈsterz","ˌʌpˈsteəz","ənˈtIl,ʌnˈtIl"
"1428","upon","prep.①在……上②即将来临","ˈʌpwərd","ˈʌpwəd","əˈpɒn"
"1429","upstairs","ad.在楼上 a.楼上的 n.(sing.)楼上","ʌs; əs","ʌs; əs","ˌʌpˈsteəz"
"1430","upward","a.向上的ad.(-s)向上","juːst","juːst","ˈʌpwəd"
"1431","us","pron.我们","ˈjuːʒuəl","ˈjuːʒuəl","强ʌs,弱əs"
"1432","used","a.习惯于……的 [juːzd]a.用过的,旧的 vi.惯常","ˈvæli","ˈvæli","juːst"
"1433","usual","a.通常的,惯常的","væst","vɑːst","ˈjuːʒuəl"
"1434","valley","n.山谷,溪谷","ˈvedʒtəb(ə)l","ˈvedʒtəb(ə)l","ˈvæli"
"1435","vast","a.①广阔的②巨大的,庞大的","ˈveri","ˈveri","v?ːst"
"1436","vegetable","n.①蔬菜②植物人","ˈvɪlɪdʒ","ˈvɪlɪdʒ","ˈvedʒtəbl"
"1437","very","ad.①很,非常②正是 a.①正是的②完全的","ˈvɪnɪɡər","ˈvɪnɪɡə(r)","ˈveri"
"1438","village","n.①村庄②(the~)全体村民","ˌvaɪəˈlɪn","ˌvaɪəˈlɪn","ˈvIlIdʒ"
"1439","vinegar","n.醋","vəˈkæbjəleri; voʊˈkæbjəleri","vəˈkæbjələri; vəʊˈkæbjələri","ˈvInI?ə(r)"
"1440","violin","n.小提琴","vɔɪs","vɔɪs","ˌvaIəˈlIn"
"1441","vocabulary","n.①词汇(量)②词(汇)表","ˈvɑːlibɔːl","ˈvɒlibɔːl","vəˈkæbjələri"
"1442","voice","n.①说话声②发言权③(sing.)语态","voʊt","vəʊt","vɔIs"
"1443","volleyball","n.排球(运动)","weɪdʒ","weɪdʒ","ˈvɒlibɔːl"
"1444","vote","n.①选票②投票③表决结果 vi.投票","weɪst","weɪst","vəʊt"
"1445","wage","n.工资,报酬vt.开始,进行","weɪt","weɪt","weIdʒ"
"1446","waist","n.腰","weɪk","weɪk","weIst"
"1447","wait","vi.等候 n.等待的时间","wɔːk","wɔːk","weIt"
"1448","wake","vi.醒来 vt.①唤醒②唤起","wɔːl","wɔːl","weIk"
"1449","walk","vi./n.步行,散步","ˈwɑːlɪt","ˈwɒlɪt","wɔːk"
"1450","wall","n.墙,壁 vt.筑墙","wɔːr","wɔː(r)","wɔːl"
"1451","wallet","n.①钱包②塑料夹","wɔːrm","wɔːm","ˈwɒlIt"
"1452","war","n.①战争②斗争","wɔːrn","wɔːn","wɔː(r)"
"1453","warm","a.①温暖的②热情的③(色调)暖的 v.(使)温暖","wɑːʃ","wɒʃ","wɔːm"
"1454","warn","vt.警告,告诫","weɪst","weɪst","wɔːn"
"1455","wash","v.①洗②冲","wɑːtʃ","wɒtʃ","wɒʃ"
"1456","waste","n.①浪费②废料vt.浪费 a.①废弃的②荒芜的","weɪv","weɪv","weIst"
"1457","watch","vt.①观看②看守vi.小心 n.①看管②手表","wiː; wi","wiː; wi","wɒtʃ"
"1458","wave","v./n.挥动","wiːk","wiːk","weIv"
"1459","we","pron.①我们,咱们②人们","welθ","welθ","强wiː,弱wi"
"1460","weak","a.①虚弱的②(能力等)弱的③微弱的","wer","weə(r)","wiːk"
"1461","wealth","n.①财富②(sing.)丰富③富有","ˈweðər","ˈweðə(r)","wel?"
"1462","wear","vt.穿着,戴着","ˈwenzdeɪ","ˈwenzdeɪ","weə(r)"
"1463","weather","n.天气,气象","wiːd","wiːd","ˈweðə(r)"
"1464","Wednesday","n.星期三","wiːk","wiːk","ˈwenzdeI"
"1465","weed","n.杂草 v.(为……)除草","ˈwiːkdeɪ","ˈwiːkdeɪ","wiːd"
"1466","week","n.星期,周","ˈwiːkend","ˌwiːkˈend; ˈwiːkend","wiːk"
"1467","weekday","n.工作日,周一到周五","wiːp","wiːp","ˈwiːkdeI"
"1468","weekend","n.周末","weɪ","weɪ","ˌwiːkˈend,ˈwiːkend"
"1469","weep","v./n.(为……)哭泣","ˈwelkəm","ˈwelkəm","wiːp"
"1470","weigh","link.v.有……重vt.①称……的重量②认真考虑","west","west","weI"
"1471","welcome","vt./int./n.欢迎","wet","wet","ˈwelkəm"
"1472","west","n.西,西方","weɪl","weɪl","west"
"1473","wet","a.①湿的,潮的②多雨的","wiːt","wiːt","wet"
"1474","whale","n.鲸","wiːl","wiːl","weIl"
"1475","wheat","n.小麦","wen","wen","wiːt"
"1476","wheel","n.轮,车轮","ˈweðər","ˈweðə(r)","wiːl"
"1477","when","conj.①在……时,当……时②然后,可是","wɪtʃ","wɪtʃ","wen"
"1478","whether","conj.①是否②不管","waɪl","waɪl","ˈweðə(r)"
"1479","which","pron.哪一个,哪一些","waɪt","waɪt","wItʃ"
"1480","while","conj.①当……的时候②然而③虽然","huːm","huːm","waIl"
"1481","white","a.①白色的②白种人的 n.①白色②蛋清","huːz","huːz","waIt"
"1482","whom","pron.谁","waɪ","waɪ","huːm"
"1483","whose","pron.①谁的②那个(人)的,那些(人)的","waɪd","waɪd","huːz"
"1484","why","ad.①为什么②……的理由 int.哎呀","waɪf","waɪf","waI"
"1485","wide","a.①宽阔的②广泛的 ad.充分地","wɪnd","wɪnd","waId"
"1486","wife","n.(pl.wives)妻子,夫人","ˈwɪndoʊ","ˈwɪndəʊ","waIf"
"1487","wind","n.[waInd]v. n.①风②气息,呼吸 vt.①绕,缠②(给……)上发条","waɪn","waɪn","wInd"
"1488","window","n.窗户","wɪŋ","wɪŋ","ˈwIndəʊ"
"1489","wine","n.葡萄酒","ˈwɪntər","ˈwɪntə(r)","waIn"
"1490","wing","n.翼,翅膀","waɪp","waɪp","wI?"
"1491","winter","n.冬,冬季","wɪʃ","wɪʃ","ˈwIntə(r)"
"1492","wipe","vt./n.擦,抹,揩","wɪð; wɪθ","wɪð","waIp"
"1493","wish","vt.①希望②但愿③祝 n.①希望②(pl.)祝愿","wɪˈðɪn","wɪˈðɪn","wIʃ"
"1494","with","prep.①和……在一起②具有③用④关于⑤随着","wɪˈðaʊt","wɪˈðaʊt","wIð,wI?"
"1495","within","prep.在……里面ad.在里面","wʊlf","wʊlf","wIˈðIn"
"1496","without","prep.无","ˈwʊmən","ˈwʊmən","wIˈðaʊt"
"1497","wolf","n.(pl.wolves)狼","ˈwʌndər","ˈwʌndə(r)","wʊlf"
"1498","woman","n.(pl.women)妇女,成年女子","wʊd","wʊd","ˈwʊmən"
"1499","wonder","vt.①想知道②(对……)感到惊讶 n.①惊奇②奇迹","wʊl","wʊl","ˈwʌndə(r)"
"1500","wood","n.①木材②(pl.)树林","wɜːrld","wɜːld","wʊd"
"1501","wool","n.①羊毛②毛线,毛织品","ˌwɜːrldˈwaɪd","ˌwɜːldˈwaɪd","wʊl"
"1502","world","n.①(the~)世界②(sing.)世间③界","wɜːrm","wɜːm","wɜːld"
"1503","worldwide","a./ad.世界范围(的)","ˈwɜːri","ˈwʌri","ˈwɜːldwaId"
"1504","worm","n.虫,蠕虫","wɜːrs","wɜːs","wɜːm"
"1505","worry","v./n.担心","wɜːrst","wɜːst","ˈwʌri"
"1506","worse","a.更坏的 ad.更坏地","wɜːrθ","wɜːθ","wɜːs"
"1507","worst","a./ad.最坏(的)","wʊd","wʊd","wɜːst"
"1508","worth","prep./a.值……钱的 n.价值","wuːnd","wuːnd","wɜː?"
"1509","would","modalv.①[will的过去式]②老是③也许④请","raɪt","raɪt","强wʊd,弱wəd"
"1510","wound","n.创伤,伤口 vt.伤害","rɔːŋ","rɒŋ","wuːnd"
"1511","write","vt.①写②写作,作曲③写信(给)","jɪr","jɪə(r)","raIt"
"1512","wrong","a.①不正确的②不道德的","ˈjeloʊ","ˈjeləʊ","rɒ?"
"1513","year","n.年,年份","jes","jes","jIə(r),jɜː(r)"
"1514","yellow","a.黄色的 n.黄色","ˈjestərdeɪ","ˈjestədeɪ","ˈjeləʊ"
"1515","yes","ad.是,对","jet","jet","jes"
"1516","yesterday","ad.在昨天n.昨天","juː; jʊ","juː; jʊ","ˈjestədeI"
"1517","yet","ad.①还②现在③迄今为止④更 conj.然而,但是","jʊr; jər","jɔː(r); jə(r)","jet"
"1518","you","pron.①你(们)②任何人","jɔːrz","jɔːz","强juː,弱ju"
"1519","your","a.你(们)的","jɔːrˈself","jɔːˈself","jɔː(r)"
"1520","yours","pron.你(们)的","juːθ","juːθ","jɔːz"
"1521","yourself","pron.你(们)自己","ˈzɪroʊ","ˈzɪərəʊ","jɔːˈself"
"1522","youth","n.①青春②青年时期③青年男子④(pl.)青年","zoʊn","zəʊn","juː?"
"1523","zero","num.零 n.零点,零度","zuː","zuː","ˈzIərəʊ"
"1524","zone","n.地区,区域","","","zəʊn"
"1525","zoo","n.动物园","","","zuː"